6.0,0.0,1.0,1.0,0.0,1.0,0.0,1.0,0.0,0.0,1.0,1.0,1.0,1.0,0.0,0.0,1.0,0.0,0.0,0.0,1.0,1.0,0.0,0.0,1.0,1.0,1.0,0.0,0.0,0.0,0.0,0.0,1.0,0.0,1.0,0.0,0.0,0.7703289205752621,0.9266387995949269,0.7006743492083017,0.9495376590227602,0.7098056910560001,0.9775837696907258,0.8244313246294669,0.9249560138169243,0.7463864850800795,0.9383764902363713,0.9053229335676224,0.9579659284166968,1.0,0.0,1.0,0.0,0.0,0.0,0.0,1.0,5.0
6.0,0.0,1.0,1.0,0.0,1.0,0.0,1.0,0.0,0.0,1.0,1.0,1.0,1.0,0.0,0.0,1.0,0.0,0.0,0.0,1.0,1.0,0.0,0.0,1.0,1.0,1.0,0.0,0.0,0.0,0.0,0.0,1.0,0.0,1.0,0.0,0.0,0.7946433514818041,0.9207709736666202,0.7085023405615439,0.8745569684574673,0.7011469495761363,0.9776322916362669,0.8506091914912602,0.9223881425531233,0.7491749387588815,0.9225011823995403,0.9041934726174069,0.9710373430264861,1.0,0.0,1.0,0.0,0.0,0.0,0.0,1.0,5.0
6.0,0.0,1.0,1.0,0.0,1.0,0.0,1.0,0.0,0.0,1.0,1.0,1.0,1.0,0.0,0.0,1.0,0.0,0.0,0.0,1.0,1.0,0.0,0.0,1.0,1.0,1.0,0.0,0.0,0.0,0.0,0.0,1.0,0.0,1.0,0.0,0.0,0.780734891791551,0.9259225075774017,0.7369565275412583,0.9629667043768099,0.7488604689134223,0.9800270492479652,0.8395445920842913,0.929334812471305,0.7474718485027994,0.9521401266785291,0.9507234644941419,0.9631794375011938,1.0,0.0,1.0,0.0,0.0,0.0,0.0,1.0,5.0
6.0,0.0,1.0,1.0,0.0,1.0,0.0,1.0,0.0,0.0,1.0,1.0,1.0,1.0,0.0,0.0,1.0,0.0,0.0,0.0,1.0,1.0,0.0,0.0,1.0,1.0,1.0,0.0,0.0,0.0,0.0,0.0,1.0,0.0,1.0,0.0,0.0,0.7813853412235856,0.9261275725369917,0.7367826080369866,0.9624131229873709,0.7490920366925551,0.9795816525277433,0.82784629643928,0.9294414888399013,0.7648408889586275,0.9359219105187895,0.9508208742798038,0.9322593368159995,1.0,0.0,1.0,0.0,0.0,0.0,0.0,1.0,5.0
6.0,0.0,1.0,1.0,0.0,1.0,0.0,1.0,0.0,0.0,1.0,1.0,1.0,1.0,0.0,0.0,1.0,0.0,0.0,0.0,1.0,1.0,0.0,0.0,1.0,1.0,1.0,0.0,0.0,0.0,0.0,0.0,1.0,0.0,1.0,0.0,0.0,0.7946433514818041,0.9207709736666202,0.7090132743692868,0.8745633049349213,0.7011469495761363,0.9763264340819916,0.8516433779768365,0.9223881425531233,0.7631801995462753,0.9272091268364415,0.8966140732514362,0.972165114681351,1.0,0.0,1.0,0.0,0.0,0.0,0.0,1.0,5.0
6.0,0.0,1.0,1.0,0.0,1.0,0.0,1.0,0.0,0.0,1.0,1.0,1.0,1.0,0.0,0.0,1.0,0.0,0.0,0.0,1.0,1.0,0.0,0.0,1.0,1.0,1.0,0.0,0.0,0.0,0.0,0.0,1.0,0.0,1.0,0.0,0.0,0.7679596466627272,0.9303126832900305,0.7352952026048092,0.9482988710820682,0.737639902278512,0.9588038792912473,0.7849341722296856,0.9413911794707679,0.762221766451131,0.9349497291276332,0.954965773976313,0.9728692760651017,1.0,0.0,1.0,0.0,0.0,0.0,0.0,1.0,5.0
6.0,0.0,1.0,1.0,0.0,1.0,0.0,1.0,0.0,0.0,1.0,1.0,1.0,1.0,0.0,0.0,1.0,0.0,0.0,0.0,1.0,1.0,0.0,0.0,1.0,1.0,1.0,0.0,0.0,0.0,0.0,0.0,1.0,0.0,1.0,0.0,0.0,0.780734891791551,0.9259073759298132,0.736957971938992,0.9623061104239209,0.7489724387446031,0.9800270492479652,0.8395445920842913,0.9303656802823711,0.7477231388574501,0.9553695092940737,0.9555199455648672,0.9635848383853655,1.0,0.0,1.0,0.0,0.0,0.0,0.0,1.0,5.0
6.0,0.0,1.0,1.0,0.0,1.0,0.0,1.0,0.0,0.0,1.0,1.0,1.0,1.0,0.0,0.0,1.0,0.0,0.0,0.0,1.0,1.0,0.0,0.0,1.0,1.0,1.0,0.0,0.0,0.0,0.0,0.0,1.0,0.0,1.0,0.0,0.0,0.770095041400126,0.9227205342404983,0.6983182288047269,0.9517697666427651,0.7050708161182019,0.9784127781292439,0.8134307610200361,0.9246370198398369,0.7482231035713198,0.9242242183066043,0.9115902987316267,0.9177149324444731,1.0,0.0,1.0,0.0,0.0,0.0,0.0,1.0,5.0
6.0,0.0,1.0,1.0,0.0,1.0,0.0,1.0,0.0,0.0,1.0,1.0,1.0,1.0,0.0,0.0,1.0,0.0,0.0,0.0,1.0,1.0,0.0,0.0,1.0,1.0,1.0,0.0,0.0,0.0,0.0,0.0,1.0,0.0,1.0,0.0,0.0,0.7699384294986311,0.9098627425898799,0.6937515369739128,0.9117646454129713,0.6978000085009264,0.9532533725406421,0.8239053554458293,0.9239015507343629,0.7427305384246019,0.9269819203188138,0.9073307291524023,0.9716635293881408,1.0,0.0,1.0,0.0,0.0,0.0,0.0,1.0,5.0
6.0,0.0,1.0,1.0,0.0,1.0,0.0,1.0,0.0,0.0,1.0,1.0,1.0,1.0,0.0,0.0,1.0,0.0,0.0,0.0,1.0,1.0,0.0,0.0,1.0,1.0,1.0,0.0,0.0,0.0,0.0,0.0,1.0,0.0,1.0,0.0,0.0,0.7507969094221401,0.9257988021113064,0.7353142974235966,0.9438909409612112,0.7380162091439214,0.9472147729435024,0.7650776786096848,0.9291469904142579,0.7460391672244681,0.9316006687217487,0.9295124245877281,0.9816600207740744,1.0,0.0,1.0,0.0,0.0,0.0,0.0,1.0,5.0
6.0,0.0,1.0,1.0,0.0,1.0,0.0,1.0,0.0,0.0,1.0,1.0,1.0,1.0,0.0,0.0,1.0,0.0,0.0,0.0,1.0,1.0,0.0,0.0,1.0,1.0,1.0,0.0,0.0,0.0,0.0,0.0,1.0,0.0,1.0,0.0,0.0,0.780734891791551,0.9261407527869243,0.7369549217765573,0.9625595193692285,0.7495563427509314,0.9800270492479652,0.8356976951163598,0.9293207113246628,0.747512551230533,0.9526828046827874,0.9488753547685388,0.9570158695307526,1.0,0.0,1.0,0.0,0.0,0.0,0.0,1.0,5.0
6.0,0.0,1.0,1.0,0.0,1.0,0.0,1.0,0.0,0.0,1.0,1.0,1.0,1.0,0.0,0.0,1.0,0.0,0.0,0.0,1.0,1.0,0.0,0.0,1.0,1.0,1.0,0.0,0.0,0.0,0.0,0.0,1.0,0.0,1.0,0.0,0.0,0.7679724721609719,0.9304730851021706,0.7352845568593926,0.9480158430163003,0.7380009413593445,0.959103108872776,0.7837199359508058,0.9406658976002773,0.7580094255909214,0.943180893199755,0.9533874487127347,0.9701517415211165,1.0,0.0,1.0,0.0,0.0,0.0,0.0,1.0,5.0
6.0,0.0,1.0,1.0,0.0,1.0,0.0,1.0,0.0,0.0,1.0,1.0,1.0,1.0,0.0,0.0,1.0,0.0,0.0,0.0,1.0,1.0,0.0,0.0,1.0,1.0,1.0,0.0,0.0,0.0,0.0,0.0,1.0,0.0,1.0,0.0,0.0,0.7492964951964572,0.9300043347605835,0.7367466007209548,0.9158051012009034,0.7373434729332055,0.9147363033796335,0.7577872065059118,0.9182576280822892,0.7475166848724125,0.9223715628604569,0.8973391594739909,0.8897871591736011,1.0,0.0,1.0,0.0,0.0,0.0,0.0,1.0,5.0
6.0,0.0,1.0,1.0,0.0,1.0,0.0,1.0,0.0,0.0,1.0,1.0,1.0,1.0,0.0,0.0,1.0,0.0,0.0,0.0,1.0,1.0,0.0,0.0,1.0,1.0,1.0,0.0,0.0,0.0,0.0,0.0,1.0,0.0,1.0,0.0,0.0,0.7699384294986311,0.9101298205054638,0.6937515369739128,0.9117646454129713,0.6973027235048419,0.9532533725406421,0.8239053554458293,0.9239015507343629,0.7421494421527894,0.9269669343762039,0.9073307291524023,0.97113847756103,1.0,0.0,1.0,0.0,0.0,0.0,0.0,1.0,5.0
6.0,0.0,1.0,1.0,0.0,1.0,0.0,1.0,0.0,0.0,1.0,1.0,1.0,1.0,0.0,0.0,1.0,0.0,0.0,0.0,1.0,1.0,0.0,0.0,1.0,1.0,1.0,0.0,0.0,0.0,0.0,0.0,1.0,0.0,1.0,0.0,0.0,0.7507586930132736,0.9301119647577419,0.7367043837909193,0.9152460849603631,0.7380302224839828,0.9134239355430217,0.7614558284166948,0.9285611697461308,0.7474023166327534,0.9271138026594807,0.904289105462368,0.9073477807313372,1.0,0.0,1.0,0.0,0.0,0.0,0.0,1.0,5.0
6.0,0.0,1.0,1.0,0.0,1.0,0.0,1.0,0.0,0.0,1.0,1.0,1.0,1.0,0.0,0.0,1.0,0.0,0.0,0.0,1.0,1.0,0.0,0.0,1.0,1.0,1.0,0.0,0.0,0.0,0.0,0.0,1.0,0.0,1.0,0.0,0.0,0.7670545490888147,0.9302789449252342,0.735138412429329,0.9476522736017532,0.7377485851189143,0.9598092956788878,0.7858158742509677,0.9413273346888011,0.7591458468327545,0.9402875778062046,0.9588426290308749,0.9985706032068487,1.0,0.0,1.0,0.0,0.0,0.0,0.0,1.0,5.0
6.0,0.0,1.0,1.0,0.0,1.0,0.0,1.0,0.0,0.0,1.0,1.0,1.0,1.0,0.0,0.0,1.0,0.0,0.0,0.0,1.0,1.0,0.0,0.0,1.0,1.0,1.0,0.0,0.0,0.0,0.0,0.0,1.0,0.0,1.0,0.0,0.0,0.7486735540610803,0.9260759901878394,0.7366917735389399,0.9151813013676449,0.7377627911151691,0.9127713586484021,0.762410046779947,0.9183928036275261,0.7439086294033562,0.9202418155995095,0.8884969148546725,0.7884873705583159,1.0,0.0,1.0,0.0,0.0,0.0,0.0,1.0,5.0
6.0,0.0,1.0,1.0,0.0,1.0,0.0,1.0,0.0,0.0,1.0,1.0,1.0,1.0,0.0,0.0,1.0,0.0,0.0,0.0,1.0,1.0,0.0,0.0,1.0,1.0,1.0,0.0,0.0,0.0,0.0,0.0,1.0,0.0,1.0,0.0,0.0,0.7680672449136154,0.9303621105707727,0.7354788146345554,0.94975479638706,0.7376287059292013,0.9590872499747208,0.7845746901871647,0.9434091301595664,0.7629102925855037,0.9291358801004704,0.9544393445681831,0.9730458102412282,1.0,0.0,1.0,0.0,0.0,0.0,0.0,1.0,5.0
6.0,0.0,1.0,1.0,0.0,1.0,0.0,1.0,0.0,0.0,1.0,1.0,1.0,1.0,0.0,0.0,1.0,0.0,0.0,0.0,1.0,1.0,0.0,0.0,1.0,1.0,1.0,0.0,0.0,0.0,0.0,0.0,1.0,0.0,1.0,0.0,0.0,0.7492964951964572,0.9300043347605835,0.7367466007209548,0.9158051012009034,0.7373434729332055,0.9147342953222998,0.7577794204689641,0.9182576280822892,0.7475166851666462,0.9271318190293207,0.8915589378797447,0.9048104320154455,1.0,0.0,1.0,0.0,0.0,0.0,0.0,1.0,5.0
6.0,0.0,1.0,1.0,0.0,1.0,0.0,1.0,0.0,0.0,1.0,1.0,1.0,1.0,0.0,0.0,1.0,0.0,0.0,0.0,1.0,1.0,0.0,0.0,1.0,1.0,1.0,0.0,0.0,0.0,0.0,0.0,1.0,0.0,1.0,0.0,0.0,0.7699385822471434,0.9098627425898799,0.6937537745421833,0.911494701197319,0.6972960071338952,0.9532533725406421,0.8239053554458293,0.923876565087899,0.7482823841012314,0.9272080483624654,0.9073497320431748,0.9718163467435852,1.0,0.0,1.0,0.0,0.0,0.0,0.0,1.0,5.0
6.0,0.0,1.0,1.0,0.0,1.0,0.0,1.0,0.0,0.0,1.0,1.0,1.0,1.0,0.0,0.0,1.0,0.0,0.0,0.0,1.0,1.0,0.0,0.0,1.0,1.0,1.0,0.0,0.0,0.0,0.0,0.0,1.0,0.0,1.0,0.0,0.0,0.7486108432257245,0.9261068989510257,0.7366897826904647,0.9152219620452365,0.7378250847319074,0.9127713586484021,0.7626924578681586,0.9184197038886565,0.7439964721800667,0.9206515751036463,0.8884969148546725,0.7884873705583159,1.0,0.0,1.0,0.0,0.0,0.0,0.0,1.0,5.0
6.0,0.0,1.0,1.0,0.0,1.0,0.0,1.0,0.0,0.0,1.0,1.0,1.0,1.0,0.0,0.0,1.0,0.0,0.0,0.0,1.0,1.0,0.0,0.0,1.0,1.0,1.0,0.0,0.0,0.0,0.0,0.0,1.0,0.0,1.0,0.0,0.0,0.7493548289929641,0.9273701467897165,0.7371799561984899,0.9151733754079561,0.7373446433250614,0.9147599063028974,0.7556609432790747,0.918411080324885,0.7470657865216596,0.9273713318846601,0.8885236270958261,0.9137437031029244,1.0,0.0,1.0,0.0,0.0,0.0,0.0,1.0,5.0
6.0,0.0,1.0,1.0,0.0,1.0,0.0,1.0,0.0,0.0,1.0,1.0,1.0,1.0,0.0,0.0,1.0,0.0,0.0,0.0,1.0,1.0,0.0,0.0,1.0,1.0,1.0,0.0,0.0,0.0,0.0,0.0,1.0,0.0,1.0,0.0,0.0,0.7680338924988992,0.9299718742943954,0.7352846874115556,0.9475809480300232,0.7376399085943072,0.9573033967783495,0.7828196436021694,0.9412944782277339,0.7484425544026942,0.9407762110563654,0.9522230101336172,0.9590913802462491,1.0,0.0,1.0,0.0,0.0,0.0,0.0,1.0,5.0
6.0,0.0,1.0,1.0,0.0,1.0,0.0,1.0,0.0,0.0,1.0,1.0,1.0,1.0,0.0,0.0,1.0,0.0,0.0,0.0,1.0,1.0,0.0,0.0,1.0,1.0,1.0,0.0,0.0,0.0,0.0,0.0,1.0,0.0,1.0,0.0,0.0,0.7800388794468073,0.9261400769897257,0.7370822479726779,0.9629667043768099,0.7489796852060512,0.9800270492479652,0.8395445920842913,0.9317346307216505,0.745925616708999,0.9536187254327178,0.9591912831467089,0.9635867683821803,1.0,0.0,1.0,0.0,0.0,0.0,0.0,1.0,5.0
6.0,0.0,1.0,1.0,0.0,1.0,0.0,1.0,0.0,0.0,1.0,1.0,1.0,1.0,0.0,0.0,1.0,0.0,0.0,0.0,1.0,1.0,0.0,0.0,1.0,1.0,1.0,0.0,0.0,0.0,0.0,0.0,1.0,0.0,1.0,0.0,0.0,0.7492964951964572,0.9299801518789205,0.7367466007209548,0.9158051012009034,0.7373434729332055,0.9147342869289188,0.7577906524078998,0.9182576280822892,0.7477082019490179,0.9272125113808797,0.8915824095917981,0.896610366628968,1.0,0.0,1.0,0.0,0.0,0.0,0.0,1.0,5.0
6.0,0.0,1.0,1.0,0.0,1.0,0.0,1.0,0.0,0.0,1.0,1.0,1.0,1.0,0.0,0.0,1.0,0.0,0.0,0.0,1.0,1.0,0.0,0.0,1.0,1.0,1.0,0.0,0.0,0.0,0.0,0.0,1.0,0.0,1.0,0.0,0.0,0.7688828959620617,0.9299679738443468,0.7352845568593926,0.9469476405420871,0.7368388378950734,0.9564281786652152,0.7830940980145135,0.9412352326639553,0.7492526736226915,0.9408331423749613,0.9503497195716979,0.9565486548692691,1.0,0.0,1.0,0.0,0.0,0.0,0.0,1.0,5.0
6.0,0.0,1.0,1.0,0.0,1.0,0.0,1.0,0.0,0.0,1.0,1.0,1.0,1.0,0.0,0.0,1.0,0.0,0.0,0.0,1.0,1.0,0.0,0.0,1.0,1.0,1.0,0.0,0.0,0.0,0.0,0.0,1.0,0.0,1.0,0.0,0.0,0.7475697207305336,0.9273701467897165,0.7371799561984899,0.9151754438550681,0.7373446433250614,0.9147599063028974,0.7556609432790747,0.918411080324885,0.7470657865216596,0.9268999270987276,0.8885236270958261,0.8766239673175488,1.0,0.0,1.0,0.0,0.0,0.0,0.0,1.0,5.0
6.0,0.0,1.0,1.0,0.0,1.0,0.0,1.0,0.0,0.0,1.0,1.0,1.0,1.0,0.0,0.0,1.0,0.0,0.0,0.0,1.0,1.0,0.0,0.0,1.0,1.0,1.0,0.0,0.0,0.0,0.0,0.0,1.0,0.0,1.0,0.0,0.0,0.7806860792151811,0.9267340617773376,0.7369549217765573,0.9625595193692285,0.7508483693700094,0.9817037995407117,0.8358198288480444,0.9290456034080401,0.7475132726320873,0.9522811549823708,0.9488753547685388,0.9570158695307526,1.0,0.0,1.0,0.0,0.0,0.0,0.0,1.0,5.0
6.0,0.0,1.0,1.0,0.0,1.0,0.0,1.0,0.0,0.0,1.0,1.0,1.0,1.0,0.0,0.0,1.0,0.0,0.0,0.0,1.0,1.0,0.0,0.0,1.0,1.0,1.0,0.0,0.0,0.0,0.0,0.0,1.0,0.0,1.0,0.0,0.0,0.7680672449136154,0.9303621105707727,0.7354773558632027,0.94975479638706,0.7376287059292013,0.9590872499747208,0.7845746901871647,0.9434091301595664,0.7635272180175742,0.9291358801004704,0.9555152588429621,0.9730458102412282,1.0,0.0,1.0,0.0,0.0,0.0,0.0,1.0,5.0
6.0,0.0,1.0,1.0,0.0,1.0,0.0,1.0,0.0,0.0,1.0,1.0,1.0,1.0,0.0,0.0,1.0,0.0,0.0,0.0,1.0,1.0,0.0,0.0,1.0,1.0,1.0,0.0,0.0,0.0,0.0,0.0,1.0,0.0,1.0,0.0,0.0,0.7685149495371312,0.9307747378453112,0.7353142974235966,0.9479300349607036,0.7381495861583627,0.9601862065482044,0.7833948566252005,0.9416926394782763,0.7460506573093925,0.941929764988928,0.9589260753727218,0.9570386992263226,1.0,0.0,1.0,0.0,0.0,0.0,0.0,1.0,5.0
6.0,0.0,1.0,1.0,0.0,1.0,0.0,1.0,0.0,0.0,1.0,1.0,1.0,1.0,0.0,0.0,1.0,0.0,0.0,0.0,1.0,1.0,0.0,0.0,1.0,1.0,1.0,0.0,0.0,0.0,0.0,0.0,1.0,0.0,1.0,0.0,0.0,0.7492964951964572,0.9300043347605835,0.7367466007209548,0.9158051012009034,0.7373434729332055,0.9147342869289188,0.7577906524078998,0.9182576280822892,0.7475166848724125,0.9271303289853204,0.8922216111316832,0.901934639381881,1.0,0.0,1.0,0.0,0.0,0.0,0.0,1.0,5.0
6.0,0.0,1.0,1.0,0.0,1.0,0.0,1.0,0.0,0.0,1.0,1.0,1.0,1.0,0.0,0.0,1.0,0.0,0.0,0.0,1.0,1.0,0.0,0.0,1.0,1.0,1.0,0.0,0.0,0.0,0.0,0.0,1.0,0.0,1.0,0.0,0.0,0.7688572380290656,0.9302677880194768,0.7353473239001701,0.9484024343699782,0.7376576873812801,0.9597602271989233,0.7837078400058058,0.9427243090155241,0.7475034986975175,0.9443444340808496,0.9591752339766508,0.9568625646185966,1.0,0.0,1.0,0.0,0.0,0.0,0.0,1.0,5.0
6.0,0.0,1.0,1.0,0.0,1.0,0.0,1.0,0.0,0.0,1.0,1.0,1.0,1.0,0.0,0.0,1.0,0.0,0.0,0.0,1.0,1.0,0.0,0.0,1.0,1.0,1.0,0.0,0.0,0.0,0.0,0.0,1.0,0.0,1.0,0.0,0.0,0.7492964951964572,0.9300043347605835,0.7367466007209548,0.9158051012009034,0.7373434729332055,0.9147342869289188,0.7577906524078998,0.9182075161924336,0.7475166848724125,0.9266042492622867,0.8911856953060587,0.8764196862484482,1.0,0.0,1.0,0.0,0.0,0.0,0.0,1.0,5.0
6.0,0.0,1.0,1.0,0.0,1.0,0.0,1.0,0.0,0.0,1.0,1.0,1.0,1.0,0.0,0.0,1.0,0.0,0.0,0.0,1.0,1.0,0.0,0.0,1.0,1.0,1.0,0.0,0.0,0.0,0.0,0.0,1.0,0.0,1.0,0.0,0.0,0.7688799264219809,0.9299679738443468,0.7354724547666854,0.9469476405420871,0.7376542626375184,0.9564281786652152,0.7830940980145135,0.9412352326639553,0.7505456593163995,0.9408331423749613,0.9503001396241928,0.9565486548692691,1.0,0.0,1.0,0.0,0.0,0.0,0.0,1.0,5.0
6.0,0.0,1.0,1.0,0.0,1.0,0.0,1.0,0.0,0.0,1.0,1.0,1.0,1.0,0.0,0.0,1.0,0.0,0.0,0.0,1.0,1.0,0.0,0.0,1.0,1.0,1.0,0.0,0.0,0.0,0.0,0.0,1.0,0.0,1.0,0.0,0.0,0.7492957850502462,0.9299568588226129,0.7367615851151066,0.9157964175888346,0.7373434729332055,0.914734526754002,0.7575766404808998,0.9182387231397225,0.7475796643808907,0.9273719730893454,0.8932658858874587,0.9033302602990003,1.0,0.0,1.0,0.0,0.0,0.0,0.0,1.0,5.0
6.0,0.0,1.0,1.0,0.0,1.0,0.0,1.0,0.0,0.0,1.0,1.0,1.0,1.0,0.0,0.0,1.0,0.0,0.0,0.0,1.0,1.0,0.0,0.0,1.0,1.0,1.0,0.0,0.0,0.0,0.0,0.0,1.0,0.0,1.0,0.0,0.0,0.7492933992765028,0.9300043347605835,0.7367466007209548,0.9158051012009034,0.7373434729332055,0.9147342869289188,0.7577906524078998,0.9182075161924336,0.7475166848724125,0.9266042492622867,0.8911856953060587,0.8764196862484482,1.0,0.0,1.0,0.0,0.0,0.0,0.0,1.0,5.0
6.0,0.0,1.0,1.0,0.0,1.0,0.0,1.0,0.0,0.0,1.0,1.0,1.0,1.0,0.0,0.0,1.0,0.0,0.0,0.0,1.0,1.0,0.0,0.0,1.0,1.0,1.0,0.0,0.0,0.0,0.0,0.0,1.0,0.0,1.0,0.0,0.0,0.7680712448309204,0.9303583885463215,0.7352845568593926,0.9482131961731385,0.7379203456757665,0.9590886322363448,0.7830003368292862,0.9406763668534444,0.7591846059032408,0.9438863314756817,0.9538405562418367,0.9576111663897001,1.0,0.0,1.0,0.0,0.0,0.0,0.0,1.0,5.0
6.0,0.0,1.0,1.0,0.0,1.0,0.0,1.0,0.0,0.0,1.0,1.0,1.0,1.0,0.0,0.0,1.0,0.0,0.0,0.0,1.0,1.0,0.0,0.0,1.0,1.0,1.0,0.0,0.0,0.0,0.0,0.0,1.0,0.0,1.0,0.0,0.0,0.7800388794468073,0.9261400854168853,0.7370822479726779,0.9629667043768099,0.7487454802571267,0.9800270492479652,0.8395445920842913,0.9318285983038901,0.745925616708999,0.9536187254327178,0.9591912831467089,0.9635867683821803,1.0,0.0,1.0,0.0,0.0,0.0,0.0,1.0,5.0
6.0,0.0,1.0,1.0,0.0,1.0,0.0,1.0,0.0,0.0,1.0,1.0,1.0,1.0,0.0,0.0,1.0,0.0,0.0,0.0,1.0,1.0,0.0,0.0,1.0,1.0,1.0,0.0,0.0,0.0,0.0,0.0,1.0,0.0,1.0,0.0,0.0,0.7490815626978344,0.924468527992275,0.7366678727461135,0.9151842358610112,0.736796430105441,0.9147361705867012,0.7537640676888113,0.9195495864796188,0.7442412300122336,0.9213518442843179,0.8574023383738641,0.854500125689646,1.0,0.0,1.0,0.0,0.0,0.0,0.0,1.0,5.0
6.0,0.0,1.0,1.0,0.0,1.0,0.0,1.0,0.0,0.0,1.0,1.0,1.0,1.0,0.0,0.0,1.0,0.0,0.0,0.0,1.0,1.0,0.0,0.0,1.0,1.0,1.0,0.0,0.0,0.0,0.0,0.0,1.0,0.0,1.0,0.0,0.0,0.7800482394701347,0.926002940549223,0.7369578728189499,0.9629667043768099,0.7487408218539793,0.9800270492479652,0.8395445920842913,0.9303938824238438,0.754298341781274,0.9526506531651776,0.9518698813934219,0.9638629847367813,1.0,0.0,1.0,0.0,0.0,0.0,0.0,1.0,5.0
6.0,0.0,1.0,1.0,0.0,1.0,0.0,1.0,0.0,0.0,1.0,1.0,1.0,1.0,0.0,0.0,1.0,0.0,0.0,0.0,1.0,1.0,0.0,0.0,1.0,1.0,1.0,0.0,0.0,0.0,0.0,0.0,1.0,0.0,1.0,0.0,0.0,0.7473699973638269,0.9251858584745389,0.7366383137471455,0.9152993386591619,0.736921046142205,0.9147363035620345,0.7542460477321777,0.918257139676903,0.7450256794616317,0.9270558070236892,0.8853077738660899,0.8734913491154234,1.0,0.0,1.0,0.0,0.0,0.0,0.0,1.0,5.0
6.0,0.0,1.0,1.0,0.0,1.0,0.0,1.0,0.0,0.0,1.0,1.0,1.0,1.0,0.0,0.0,1.0,0.0,0.0,0.0,1.0,1.0,0.0,0.0,1.0,1.0,1.0,0.0,0.0,0.0,0.0,0.0,1.0,0.0,1.0,0.0,0.0,0.7511145005436214,0.9230815791526105,0.7366124989223913,0.9151898270308898,0.7367440735929606,0.914736078523225,0.7541061939239333,0.9182044300030268,0.7474938675176468,0.9225334650882364,0.8770147873604879,0.9063526055135755,1.0,0.0,1.0,0.0,0.0,0.0,0.0,1.0,5.0
6.0,0.0,1.0,1.0,0.0,1.0,0.0,1.0,0.0,0.0,1.0,1.0,1.0,1.0,0.0,0.0,1.0,0.0,0.0,0.0,1.0,1.0,0.0,0.0,1.0,1.0,1.0,0.0,0.0,0.0,0.0,0.0,1.0,0.0,1.0,0.0,0.0,0.7492964951964572,0.9300043347605835,0.7367452584815221,0.9158051012009034,0.7373434326512422,0.9147342869289188,0.7577906524078998,0.9182576280822892,0.7475173183262013,0.9271118038982011,0.8908443400355279,0.8903343720643301,1.0,0.0,1.0,0.0,0.0,0.0,0.0,1.0,5.0
6.0,0.0,1.0,1.0,0.0,1.0,0.0,1.0,0.0,0.0,1.0,1.0,1.0,1.0,0.0,0.0,1.0,0.0,0.0,0.0,1.0,1.0,0.0,0.0,1.0,1.0,1.0,0.0,0.0,0.0,0.0,0.0,1.0,0.0,1.0,0.0,0.0,0.768121694180569,0.9303922122442384,0.7354773558632027,0.94975479638706,0.7376287059292013,0.9590872499747208,0.7845746901871647,0.9435664892300399,0.7620285749547001,0.9293567234636512,0.9555152588429621,0.9730458102412282,1.0,0.0,1.0,0.0,0.0,0.0,0.0,1.0,5.0
6.0,0.0,1.0,1.0,0.0,1.0,0.0,1.0,0.0,0.0,1.0,1.0,1.0,1.0,0.0,0.0,1.0,0.0,0.0,0.0,1.0,1.0,0.0,0.0,1.0,1.0,1.0,0.0,0.0,0.0,0.0,0.0,1.0,0.0,1.0,0.0,0.0,0.7492964951964572,0.9300043347605835,0.7367454198440426,0.9158051012009034,0.7373434729332055,0.9147342869289188,0.7577826996842204,0.9182576280822892,0.747631414560962,0.927727283495944,0.8914601401911459,0.8912413700952374,1.0,0.0,1.0,0.0,0.0,0.0,0.0,1.0,5.0
6.0,0.0,1.0,1.0,0.0,1.0,0.0,1.0,0.0,0.0,1.0,1.0,1.0,1.0,0.0,0.0,1.0,0.0,0.0,0.0,1.0,1.0,0.0,0.0,1.0,1.0,1.0,0.0,0.0,0.0,0.0,0.0,1.0,0.0,1.0,0.0,0.0,0.7522776519924242,0.9257988021113064,0.7353143623700203,0.9441608631749508,0.7388224382125701,0.948635771025034,0.7657722092438156,0.9292949395692274,0.7475641604832256,0.9282921250518782,0.9299015114762982,0.9982174391635374,1.0,0.0,1.0,0.0,0.0,0.0,0.0,1.0,5.0
6.0,0.0,1.0,1.0,0.0,1.0,0.0,1.0,0.0,0.0,1.0,1.0,1.0,1.0,0.0,0.0,1.0,0.0,0.0,0.0,1.0,1.0,0.0,0.0,1.0,1.0,1.0,0.0,0.0,0.0,0.0,0.0,1.0,0.0,1.0,0.0,0.0,0.7507586930132736,0.9301119647577419,0.7367043837909193,0.9152460849603631,0.7380302224839828,0.9134239355430217,0.7614558284166948,0.9285611697461308,0.7474023166327534,0.9271138026594807,0.904289105462368,0.9269676757002466,1.0,0.0,1.0,0.0,0.0,0.0,0.0,1.0,5.0
6.0,0.0,1.0,1.0,0.0,1.0,0.0,1.0,0.0,0.0,1.0,1.0,1.0,1.0,0.0,0.0,1.0,0.0,0.0,0.0,1.0,1.0,0.0,0.0,1.0,1.0,1.0,0.0,0.0,0.0,0.0,0.0,1.0,0.0,1.0,0.0,0.0,0.7493530199836699,0.9273701467897165,0.7371726732867169,0.9152002284360388,0.7373471268484342,0.914759179742644,0.7556609432790747,0.918411080324885,0.7471303017653919,0.9273465672390792,0.8887247879376132,0.9134780045979051,1.0,0.0,1.0,0.0,0.0,0.0,0.0,1.0,5.0
6.0,0.0,1.0,1.0,0.0,1.0,0.0,1.0,0.0,0.0,1.0,1.0,1.0,1.0,0.0,0.0,1.0,0.0,0.0,0.0,1.0,1.0,0.0,0.0,1.0,1.0,1.0,0.0,0.0,0.0,0.0,0.0,1.0,0.0,1.0,0.0,0.0,0.7486735540610803,0.9257943035656713,0.7366917735389399,0.9151696073621227,0.7377627911151691,0.9127713586484021,0.762410046779947,0.9183928036275261,0.7439086294033562,0.9202418155995095,0.8884969148546725,0.7884873705583159,1.0,0.0,1.0,0.0,0.0,0.0,0.0,1.0,5.0
6.0,0.0,1.0,1.0,0.0,1.0,0.0,1.0,0.0,0.0,1.0,1.0,1.0,1.0,0.0,0.0,1.0,0.0,0.0,0.0,1.0,1.0,0.0,0.0,1.0,1.0,1.0,0.0,0.0,0.0,0.0,0.0,1.0,0.0,1.0,0.0,0.0,0.7490590191958852,0.9260917339038306,0.7373264931959532,0.9152378784977897,0.7373413947750436,0.9149538404025247,0.7543601729918896,0.9195606985695655,0.7461756309082859,0.9215470055670493,0.8676166932516941,0.9215076517661028,1.0,0.0,1.0,0.0,0.0,0.0,0.0,1.0,5.0
6.0,0.0,1.0,1.0,0.0,1.0,0.0,1.0,0.0,0.0,1.0,1.0,1.0,1.0,0.0,0.0,1.0,0.0,0.0,0.0,1.0,1.0,0.0,0.0,1.0,1.0,1.0,0.0,0.0,0.0,0.0,0.0,1.0,0.0,1.0,0.0,0.0,0.7492964459703293,0.9300043347605835,0.7367466007209548,0.9158051012009034,0.7373434729332055,0.9147342869289188,0.7577906524078998,0.9182367343846586,0.7475166848724125,0.9271303233608353,0.8921930830498508,0.8737581431656297,1.0,0.0,1.0,0.0,0.0,0.0,0.0,1.0,5.0
6.0,0.0,1.0,1.0,0.0,1.0,0.0,1.0,0.0,0.0,1.0,1.0,1.0,1.0,0.0,0.0,1.0,0.0,0.0,0.0,1.0,1.0,0.0,0.0,1.0,1.0,1.0,0.0,0.0,0.0,0.0,0.0,1.0,0.0,1.0,0.0,0.0,0.7488427514179723,0.9299841570019386,0.7367333641410453,0.9158051012009034,0.7373434729332055,0.9147372656174065,0.757718897332591,0.9182576280822892,0.7438451442114005,0.9223749814520692,0.892593234488598,0.9110486036544122,1.0,0.0,1.0,0.0,0.0,0.0,0.0,1.0,5.0
6.0,0.0,1.0,1.0,0.0,1.0,0.0,1.0,0.0,0.0,1.0,1.0,1.0,1.0,0.0,0.0,1.0,0.0,0.0,0.0,1.0,1.0,0.0,0.0,1.0,1.0,1.0,0.0,0.0,0.0,0.0,0.0,1.0,0.0,1.0,0.0,0.0,0.7490639441223963,0.9248028672111863,0.7366576205459823,0.915169577112661,0.7368321986361448,0.91472507675467,0.7537375869350452,0.9183795252889905,0.7439248518275233,0.9187102366273369,0.8556035851703707,0.8539069394939688,1.0,0.0,1.0,0.0,0.0,0.0,0.0,1.0,5.0
6.0,0.0,1.0,1.0,0.0,1.0,0.0,1.0,0.0,0.0,1.0,1.0,1.0,1.0,0.0,0.0,1.0,0.0,0.0,0.0,1.0,1.0,0.0,0.0,1.0,1.0,1.0,0.0,0.0,0.0,0.0,0.0,1.0,0.0,1.0,0.0,0.0,0.7492964951964572,0.9300043347605835,0.7367466007209548,0.9158051012009034,0.7373434729332055,0.9147342869289188,0.7577906524078998,0.9182576280822892,0.7475166848724125,0.9271303289853204,0.8922216111316832,0.8997980506498291,1.0,0.0,1.0,0.0,0.0,0.0,0.0,1.0,5.0
6.0,0.0,1.0,1.0,0.0,1.0,0.0,1.0,0.0,0.0,1.0,1.0,1.0,1.0,0.0,0.0,1.0,0.0,0.0,0.0,1.0,1.0,0.0,0.0,1.0,1.0,1.0,0.0,0.0,0.0,0.0,0.0,1.0,0.0,1.0,0.0,0.0,0.7699385822471434,0.9098627425898799,0.6937537745421833,0.911494701197319,0.6972960071338952,0.9532533725406421,0.8239053554458293,0.923876565087899,0.7482823841012314,0.9272080483624654,0.9075633987296802,0.9718163467435852,1.0,0.0,1.0,0.0,0.0,0.0,0.0,1.0,5.0
6.0,0.0,1.0,1.0,0.0,1.0,0.0,1.0,0.0,0.0,1.0,1.0,1.0,1.0,0.0,0.0,1.0,0.0,0.0,0.0,1.0,1.0,0.0,0.0,1.0,1.0,1.0,0.0,0.0,0.0,0.0,0.0,1.0,0.0,1.0,0.0,0.0,0.746223894457513,0.9233009723116419,0.7366081500137496,0.9151561225175905,0.7367443836776665,0.9147381657801967,0.7490052490721583,0.9256319487329039,0.7438286119592576,0.9215179574214595,0.8340416718849646,0.921342628391101,1.0,0.0,1.0,0.0,0.0,0.0,0.0,1.0,5.0
6.0,0.0,1.0,1.0,0.0,1.0,0.0,1.0,0.0,0.0,1.0,1.0,1.0,1.0,0.0,0.0,1.0,0.0,0.0,0.0,1.0,1.0,0.0,0.0,1.0,1.0,1.0,0.0,0.0,0.0,0.0,0.0,1.0,0.0,1.0,0.0,0.0,0.7481545783981064,0.9306885748345666,0.7366662791635853,0.9152130904351896,0.7377845799968014,0.9133499500732262,0.7616016725262325,0.9184154613972787,0.7465384350236745,0.92977187015185,0.9276370334816892,0.9189942411165116,1.0,0.0,1.0,0.0,0.0,0.0,0.0,1.0,5.0
6.0,0.0,1.0,1.0,0.0,1.0,0.0,1.0,0.0,0.0,1.0,1.0,1.0,1.0,0.0,0.0,1.0,0.0,0.0,0.0,1.0,1.0,0.0,0.0,1.0,1.0,1.0,0.0,0.0,0.0,0.0,0.0,1.0,0.0,1.0,0.0,0.0,0.7805234596524151,0.9261400769897257,0.7370822479726779,0.9629667043768099,0.7489796852060512,0.9804713162206539,0.8395445920842913,0.9317536309050585,0.748200297693808,0.9536672371004875,0.9591912831467089,0.9635867683821803,1.0,0.0,1.0,0.0,0.0,0.0,0.0,1.0,5.0
6.0,0.0,1.0,1.0,0.0,1.0,0.0,1.0,0.0,0.0,1.0,1.0,1.0,1.0,0.0,0.0,1.0,0.0,0.0,0.0,1.0,1.0,0.0,0.0,1.0,1.0,1.0,0.0,0.0,0.0,0.0,0.0,1.0,0.0,1.0,0.0,0.0,0.7593218810034019,0.9244659052179288,0.7369235147005399,0.9445112849974487,0.7379720862312776,0.9488229196086178,0.7818754231091419,0.9293716503432659,0.74656411354769,0.9347007789031961,0.9333788704134932,0.9993390186072736,1.0,0.0,1.0,0.0,0.0,0.0,0.0,1.0,5.0
6.0,0.0,1.0,1.0,0.0,1.0,0.0,1.0,0.0,0.0,1.0,1.0,1.0,1.0,0.0,0.0,1.0,0.0,0.0,0.0,1.0,1.0,0.0,0.0,1.0,1.0,1.0,0.0,0.0,0.0,0.0,0.0,1.0,0.0,1.0,0.0,0.0,0.7486720671696993,0.9258212250278225,0.7366917735389399,0.9151696073621227,0.737758136776889,0.9127713586484021,0.7623809156740181,0.9183928036275261,0.7439086294033562,0.9202418155995095,0.8886921834315259,0.7884873705583159,1.0,0.0,1.0,0.0,0.0,0.0,0.0,1.0,5.0
6.0,0.0,1.0,1.0,0.0,1.0,0.0,1.0,0.0,0.0,1.0,1.0,1.0,1.0,0.0,0.0,1.0,0.0,0.0,0.0,1.0,1.0,0.0,0.0,1.0,1.0,1.0,0.0,0.0,0.0,0.0,0.0,1.0,0.0,1.0,0.0,0.0,0.7490826314403133,0.9230815791526105,0.7366119925881657,0.915189838979428,0.7367440735929606,0.9147360783701428,0.7541061939239333,0.9182044300030268,0.7460793971807101,0.9225334650882364,0.8768993237837439,0.8741534230640047,1.0,0.0,1.0,0.0,0.0,0.0,0.0,1.0,5.0
6.0,0.0,1.0,1.0,0.0,1.0,0.0,1.0,0.0,0.0,1.0,1.0,1.0,1.0,0.0,0.0,1.0,0.0,0.0,0.0,1.0,1.0,0.0,0.0,1.0,1.0,1.0,0.0,0.0,0.0,0.0,0.0,1.0,0.0,1.0,0.0,0.0,0.7492962015630874,0.9299841410522444,0.736746684615067,0.9158051012009034,0.7373434729332055,0.9147342953368464,0.7577903766121674,0.9182576280822892,0.7475166851606136,0.9271269501963975,0.8922110451050151,0.8766185388318556,1.0,0.0,1.0,0.0,0.0,0.0,0.0,1.0,5.0
6.0,0.0,1.0,1.0,0.0,1.0,0.0,1.0,0.0,0.0,1.0,1.0,1.0,1.0,0.0,0.0,1.0,0.0,0.0,0.0,1.0,1.0,0.0,0.0,1.0,1.0,1.0,0.0,0.0,0.0,0.0,0.0,1.0,0.0,1.0,0.0,0.0,0.7502371921589103,0.9296785317200245,0.7367017313184072,0.9152457474860736,0.7380199510848872,0.9134247407055153,0.7611041275227943,0.9289474618101373,0.7475863826887109,0.9272388296279744,0.9050670743013373,0.9071492652038796,1.0,0.0,1.0,0.0,0.0,0.0,0.0,1.0,5.0
6.0,0.0,1.0,1.0,0.0,1.0,0.0,1.0,0.0,0.0,1.0,1.0,1.0,1.0,0.0,0.0,1.0,0.0,0.0,0.0,1.0,1.0,0.0,0.0,1.0,1.0,1.0,0.0,0.0,0.0,0.0,0.0,1.0,0.0,1.0,0.0,0.0,0.7682782486359855,0.9299841620729892,0.7366202806499229,0.9469476405420871,0.7376542626375184,0.9564281786652152,0.7829375339705466,0.9412352326639553,0.7504213600131312,0.9408331423749613,0.9524595016187635,0.9610717851170864,1.0,0.0,1.0,0.0,0.0,0.0,0.0,1.0,5.0
6.0,0.0,1.0,1.0,0.0,1.0,0.0,1.0,0.0,0.0,1.0,1.0,1.0,1.0,0.0,0.0,1.0,0.0,0.0,0.0,1.0,1.0,0.0,0.0,1.0,1.0,1.0,0.0,0.0,0.0,0.0,0.0,1.0,0.0,1.0,0.0,0.0,0.7492964952275565,0.9300407949926321,0.7367601895032252,0.9157964175888346,0.7373458410172052,0.9147376757116258,0.7577796826634883,0.9182391288731302,0.7475155456991396,0.9270004066599741,0.9031460243415284,0.9028115222453917,1.0,0.0,1.0,0.0,0.0,0.0,0.0,1.0,5.0
6.0,0.0,1.0,1.0,0.0,1.0,0.0,1.0,0.0,0.0,1.0,1.0,1.0,1.0,0.0,0.0,1.0,0.0,0.0,0.0,1.0,1.0,0.0,0.0,1.0,1.0,1.0,0.0,0.0,0.0,0.0,0.0,1.0,0.0,1.0,0.0,0.0,0.7488584356988314,0.9246682792713459,0.7367407970669239,0.915253179559146,0.7367874053928143,0.9147248904517872,0.7503307100131996,0.9258056784048198,0.7442166243518288,0.9205750600462964,0.854573740210939,0.9343384095945172,1.0,0.0,1.0,0.0,0.0,0.0,0.0,1.0,5.0
6.0,0.0,1.0,1.0,0.0,1.0,0.0,1.0,0.0,0.0,1.0,1.0,1.0,1.0,0.0,0.0,1.0,0.0,0.0,0.0,1.0,1.0,0.0,0.0,1.0,1.0,1.0,0.0,0.0,0.0,0.0,0.0,1.0,0.0,1.0,0.0,0.0,0.7490910813486553,0.9280270014668953,0.7371799561984899,0.9151733754079561,0.7373437868885775,0.9147588899624104,0.7556764287810473,0.918388788934133,0.7472894466494308,0.9273290838208038,0.8850835590844064,0.9145607633268552,1.0,0.0,1.0,0.0,0.0,0.0,0.0,1.0,5.0
6.0,0.0,1.0,1.0,0.0,1.0,0.0,1.0,0.0,0.0,1.0,1.0,1.0,1.0,0.0,0.0,1.0,0.0,0.0,0.0,1.0,1.0,0.0,0.0,1.0,1.0,1.0,0.0,0.0,0.0,0.0,0.0,1.0,0.0,1.0,0.0,0.0,0.7680037247405551,0.9303583816585208,0.7352845568593926,0.9482131961731385,0.7377473364483634,0.9582714687401681,0.7829971457622185,0.9406661846966877,0.7465479403711233,0.940893336979028,0.9538178138699598,0.9576111663897001,1.0,0.0,1.0,0.0,0.0,0.0,0.0,1.0,5.0
6.0,0.0,1.0,1.0,0.0,1.0,0.0,1.0,0.0,0.0,1.0,1.0,1.0,1.0,0.0,0.0,1.0,0.0,0.0,0.0,1.0,1.0,0.0,0.0,1.0,1.0,1.0,0.0,0.0,0.0,0.0,0.0,1.0,0.0,1.0,0.0,0.0,0.7492964952275061,0.9300399501448097,0.7367467463588268,0.9158054655729505,0.7373458160613138,0.9147343621609667,0.7577790238524109,0.9182395647951066,0.7474606168070759,0.9271316810753124,0.8915589378797447,0.9048313536855228,1.0,0.0,1.0,0.0,0.0,0.0,0.0,1.0,5.0
6.0,0.0,1.0,1.0,0.0,1.0,0.0,1.0,0.0,0.0,1.0,1.0,1.0,1.0,0.0,0.0,1.0,0.0,0.0,0.0,1.0,1.0,0.0,0.0,1.0,1.0,1.0,0.0,0.0,0.0,0.0,0.0,1.0,0.0,1.0,0.0,0.0,0.7493062641242253,0.9299841410522444,0.7367465457998891,0.9158040428207315,0.7373434738213309,0.9147342953222998,0.7577790887588715,0.9182576280822892,0.7475127217099767,0.9271146393423467,0.8915589378797447,0.9115625190535951,1.0,0.0,1.0,0.0,0.0,0.0,0.0,1.0,5.0
6.0,0.0,1.0,1.0,0.0,1.0,0.0,1.0,0.0,0.0,1.0,1.0,1.0,1.0,0.0,0.0,1.0,0.0,0.0,0.0,1.0,1.0,0.0,0.0,1.0,1.0,1.0,0.0,0.0,0.0,0.0,0.0,1.0,0.0,1.0,0.0,0.0,0.7479850358052477,0.9254585442941855,0.7366342209565968,0.9153794703427676,0.7368823912573647,0.9147849445689705,0.7549462603560734,0.9192734081357891,0.7477190877126805,0.927129296016344,0.8862664980244319,0.8651399035998147,1.0,0.0,1.0,0.0,0.0,0.0,0.0,1.0,5.0
6.0,0.0,1.0,1.0,0.0,1.0,0.0,1.0,0.0,0.0,1.0,1.0,1.0,1.0,0.0,0.0,1.0,0.0,0.0,0.0,1.0,1.0,0.0,0.0,1.0,1.0,1.0,0.0,0.0,0.0,0.0,0.0,1.0,0.0,1.0,0.0,0.0,0.7800388794468073,0.9261400780969647,0.73708250617282,0.9629667043768099,0.7489689275786372,0.9800270492479652,0.8395445920842913,0.9317346307216505,0.745925616708999,0.9536187254327178,0.959190104722619,0.9635867683821803,1.0,0.0,1.0,0.0,0.0,0.0,0.0,1.0,5.0
6.0,0.0,1.0,1.0,0.0,1.0,0.0,1.0,0.0,0.0,1.0,1.0,1.0,1.0,0.0,0.0,1.0,0.0,0.0,0.0,1.0,1.0,0.0,0.0,1.0,1.0,1.0,0.0,0.0,0.0,0.0,0.0,1.0,0.0,1.0,0.0,0.0,0.7475390156442535,0.9273701467897165,0.7371799561984899,0.9151754438550681,0.7373435124099478,0.9147599063028974,0.7556609432790747,0.9184129620338264,0.7470795508290144,0.9269222045525406,0.8885236270958261,0.8766239673175488,1.0,0.0,1.0,0.0,0.0,0.0,0.0,1.0,5.0
6.0,0.0,1.0,1.0,0.0,1.0,0.0,1.0,0.0,0.0,1.0,1.0,1.0,1.0,0.0,0.0,1.0,0.0,0.0,0.0,1.0,1.0,0.0,0.0,1.0,1.0,1.0,0.0,0.0,0.0,0.0,0.0,1.0,0.0,1.0,0.0,0.0,0.7493610313175993,0.9273815117274589,0.7367035685641221,0.9151568978678127,0.7377319277629021,0.9131930605798333,0.7580444179035758,0.9191751462073094,0.7474992843042755,0.9271881235135236,0.9204293383397305,0.8992297294242064,1.0,0.0,1.0,0.0,0.0,0.0,0.0,1.0,5.0
6.0,0.0,1.0,1.0,0.0,1.0,0.0,1.0,0.0,0.0,1.0,1.0,1.0,1.0,0.0,0.0,1.0,0.0,0.0,0.0,1.0,1.0,0.0,0.0,1.0,1.0,1.0,0.0,0.0,0.0,0.0,0.0,1.0,0.0,1.0,0.0,0.0,0.7699384294986311,0.9118228112776299,0.6937515369739128,0.9117634646217163,0.6977394528510825,0.9533653423810704,0.8239053554458293,0.923498749784129,0.7476084628184454,0.9127062684955912,0.9068096273341482,0.9716645620968555,1.0,0.0,1.0,0.0,0.0,0.0,0.0,1.0,5.0
6.0,0.0,1.0,1.0,0.0,1.0,0.0,1.0,0.0,0.0,1.0,1.0,1.0,1.0,0.0,0.0,1.0,0.0,0.0,0.0,1.0,1.0,0.0,0.0,1.0,1.0,1.0,0.0,0.0,0.0,0.0,0.0,1.0,0.0,1.0,0.0,0.0,0.7479850358052477,0.9254585442941855,0.7366422732811377,0.9152767599214358,0.7368823912573647,0.9147850108185734,0.7543028676758442,0.9182544330473952,0.7477190877126805,0.9270980522907751,0.8779864541514999,0.8737173845035028,1.0,0.0,1.0,0.0,0.0,0.0,0.0,1.0,5.0
6.0,0.0,1.0,1.0,0.0,1.0,0.0,1.0,0.0,0.0,1.0,1.0,1.0,1.0,0.0,0.0,1.0,0.0,0.0,0.0,1.0,1.0,0.0,0.0,1.0,1.0,1.0,0.0,0.0,0.0,0.0,0.0,1.0,0.0,1.0,0.0,0.0,0.7679945839537288,0.9299841620729892,0.7366202806499229,0.9469476405420871,0.7376542626375184,0.9564281786652152,0.7828102116543177,0.9412352326639553,0.7504255255549693,0.942024158381093,0.9524595016187635,0.9609147232440582,1.0,0.0,1.0,0.0,0.0,0.0,0.0,1.0,5.0
6.0,0.0,1.0,1.0,0.0,1.0,0.0,1.0,0.0,0.0,1.0,1.0,1.0,1.0,0.0,0.0,1.0,0.0,0.0,0.0,1.0,1.0,0.0,0.0,1.0,1.0,1.0,0.0,0.0,0.0,0.0,0.0,1.0,0.0,1.0,0.0,0.0,0.7492964951964572,0.9300043347605835,0.7367464385748085,0.9158048108142526,0.7373434729332055,0.9147342869289188,0.7577906524078998,0.9182110899624446,0.747426612243206,0.9265906492416369,0.8912229206819632,0.8783376630943222,1.0,0.0,1.0,0.0,0.0,0.0,0.0,1.0,5.0
6.0,0.0,1.0,1.0,0.0,1.0,0.0,1.0,0.0,0.0,1.0,1.0,1.0,1.0,0.0,0.0,1.0,0.0,0.0,0.0,1.0,1.0,0.0,0.0,1.0,1.0,1.0,0.0,0.0,0.0,0.0,0.0,1.0,0.0,1.0,0.0,0.0,0.7493059008240182,0.927534914509135,0.7367059548447501,0.915142799906082,0.7377319277629021,0.9132304831057707,0.7580444179035758,0.9182951656449694,0.7476120344935745,0.9217597499883354,0.9204293383397305,0.899476620380221,1.0,0.0,1.0,0.0,0.0,0.0,0.0,1.0,5.0
6.0,0.0,1.0,1.0,0.0,1.0,0.0,1.0,0.0,0.0,1.0,1.0,1.0,1.0,0.0,0.0,1.0,0.0,0.0,0.0,1.0,1.0,0.0,0.0,1.0,1.0,1.0,0.0,0.0,0.0,0.0,0.0,1.0,0.0,1.0,0.0,0.0,0.7490826314403133,0.9230817376728024,0.736612475296659,0.9151883605317255,0.7367440735929606,0.9147360783701428,0.7541061939239333,0.9182044300030268,0.7462161076737195,0.9225334650882364,0.8768993237837439,0.8741534230640047,1.0,0.0,1.0,0.0,0.0,0.0,0.0,1.0,5.0
6.0,0.0,1.0,1.0,0.0,1.0,0.0,1.0,0.0,0.0,1.0,1.0,1.0,1.0,0.0,0.0,1.0,0.0,0.0,0.0,1.0,1.0,0.0,0.0,1.0,1.0,1.0,0.0,0.0,0.0,0.0,0.0,1.0,0.0,1.0,0.0,0.0,0.7600609176173658,0.9244236915264318,0.736710505485464,0.9445870500207262,0.7379636212116355,0.9492234276657695,0.77955170808569,0.9368058046481126,0.7475978961683066,0.9345865348040137,0.9392568328334585,0.9999663245747645,1.0,0.0,1.0,0.0,0.0,0.0,0.0,1.0,5.0
6.0,0.0,1.0,1.0,0.0,1.0,0.0,1.0,0.0,0.0,1.0,1.0,1.0,1.0,0.0,0.0,1.0,0.0,0.0,0.0,1.0,1.0,0.0,0.0,1.0,1.0,1.0,0.0,0.0,0.0,0.0,0.0,1.0,0.0,1.0,0.0,0.0,0.7492964952275565,0.9299242291484195,0.736760587781317,0.9158043417825928,0.7373458172000191,0.9147376757116258,0.7577796826634883,0.9182478673386776,0.7472455249224219,0.9271316812553785,0.9031460243415284,0.9028115222453917,1.0,0.0,1.0,0.0,0.0,0.0,0.0,1.0,5.0
6.0,0.0,1.0,1.0,0.0,1.0,0.0,1.0,0.0,0.0,1.0,1.0,1.0,1.0,0.0,0.0,1.0,0.0,0.0,0.0,1.0,1.0,0.0,0.0,1.0,1.0,1.0,0.0,0.0,0.0,0.0,0.0,1.0,0.0,1.0,0.0,0.0,0.7490615947264869,0.9247576312525345,0.7366552662938006,0.915169577112661,0.7368321986361448,0.9147251172802662,0.7537375869350452,0.9183795252889905,0.7439248518275233,0.9187102366273369,0.858364488856186,0.8539069394939688,1.0,0.0,1.0,0.0,0.0,0.0,0.0,1.0,5.0
6.0,0.0,1.0,1.0,0.0,1.0,0.0,1.0,0.0,0.0,1.0,1.0,1.0,1.0,0.0,0.0,1.0,0.0,0.0,0.0,1.0,1.0,0.0,0.0,1.0,1.0,1.0,0.0,0.0,0.0,0.0,0.0,1.0,0.0,1.0,0.0,0.0,0.7492965087404699,0.9299798147830685,0.7367466045178163,0.9158051012009034,0.7373434729332055,0.9147342869289188,0.7577906524078998,0.9182576280822892,0.7450125220253345,0.9271269650135683,0.8915770225570755,0.8891634347235831,1.0,0.0,1.0,0.0,0.0,0.0,0.0,1.0,5.0
6.0,0.0,1.0,1.0,0.0,1.0,0.0,1.0,0.0,0.0,1.0,1.0,1.0,1.0,0.0,0.0,1.0,0.0,0.0,0.0,1.0,1.0,0.0,0.0,1.0,1.0,1.0,0.0,0.0,0.0,0.0,0.0,1.0,0.0,1.0,0.0,0.0,0.748410704510765,0.9246207592780098,0.7367418776414133,0.9152017743314562,0.7367775221872098,0.9147319290212608,0.7500693033235845,0.9258056784048198,0.7441748326483194,0.920956931944797,0.8544282289698295,0.9368929812556226,1.0,0.0,1.0,0.0,0.0,0.0,0.0,1.0,5.0
6.0,0.0,1.0,1.0,0.0,1.0,0.0,1.0,0.0,0.0,1.0,1.0,1.0,1.0,0.0,0.0,1.0,0.0,0.0,0.0,1.0,1.0,0.0,0.0,1.0,1.0,1.0,0.0,0.0,0.0,0.0,0.0,1.0,0.0,1.0,0.0,0.0,0.7490615947264869,0.9247576312525345,0.7366552662938006,0.915169577112661,0.7368321986361448,0.9147251172802662,0.7537375869350452,0.9183795252889905,0.7439248518275233,0.9186608779034955,0.8576855706860778,0.8490864487901988,1.0,0.0,1.0,0.0,0.0,0.0,0.0,1.0,5.0
6.0,0.0,1.0,1.0,0.0,1.0,0.0,1.0,0.0,0.0,1.0,1.0,1.0,1.0,0.0,0.0,1.0,0.0,0.0,0.0,1.0,1.0,0.0,0.0,1.0,1.0,1.0,0.0,0.0,0.0,0.0,0.0,1.0,0.0,1.0,0.0,0.0,0.7492964951964572,0.9299801873799418,0.7367466007209548,0.9158051012009034,0.7373434729332055,0.9147342869289188,0.7577906524078998,0.9182576280822892,0.7475221830146827,0.9271317512825102,0.8922216111316832,0.8967692300860723,1.0,0.0,1.0,0.0,0.0,0.0,0.0,1.0,5.0
6.0,0.0,1.0,1.0,0.0,1.0,0.0,1.0,0.0,0.0,1.0,1.0,1.0,1.0,0.0,0.0,1.0,0.0,0.0,0.0,1.0,1.0,0.0,0.0,1.0,1.0,1.0,0.0,0.0,0.0,0.0,0.0,1.0,0.0,1.0,0.0,0.0,0.7699258248141871,0.9227205342404983,0.6981958608378749,0.9517018522957365,0.703814213225544,0.9776826145400118,0.812967533663294,0.9246370198398369,0.74828369948806,0.9202497416308374,0.9116515803478618,0.9177149324444731,1.0,0.0,1.0,0.0,0.0,0.0,0.0,1.0,5.0
6.0,0.0,1.0,1.0,0.0,1.0,0.0,1.0,0.0,0.0,1.0,1.0,1.0,1.0,0.0,0.0,1.0,0.0,0.0,0.0,1.0,1.0,0.0,0.0,1.0,1.0,1.0,0.0,0.0,0.0,0.0,0.0,1.0,0.0,1.0,0.0,0.0,0.7493310408065263,0.9255324619042172,0.7366706839713155,0.9150989848991612,0.7367383090228664,0.9147854491483475,0.7541719108341761,0.9183348799606113,0.7420358486723053,0.9188356225625207,0.8538689624422549,0.8762834498874589,1.0,0.0,1.0,0.0,0.0,0.0,0.0,1.0,5.0
6.0,0.0,1.0,1.0,0.0,1.0,0.0,1.0,0.0,0.0,1.0,1.0,1.0,1.0,0.0,0.0,1.0,0.0,0.0,0.0,1.0,1.0,0.0,0.0,1.0,1.0,1.0,0.0,0.0,0.0,0.0,0.0,1.0,0.0,1.0,0.0,0.0,0.7492953066267675,0.930004390182796,0.7367466007209548,0.9158051012009034,0.7373434729332055,0.9147342869289188,0.7579700790108662,0.9182109012761971,0.7475163405000579,0.9274855293361709,0.8911856953060587,0.8772686309563128,1.0,0.0,1.0,0.0,0.0,0.0,0.0,1.0,5.0
6.0,0.0,1.0,1.0,0.0,1.0,0.0,1.0,0.0,0.0,1.0,1.0,1.0,1.0,0.0,0.0,1.0,0.0,0.0,0.0,1.0,1.0,0.0,0.0,1.0,1.0,1.0,0.0,0.0,0.0,0.0,0.0,1.0,0.0,1.0,0.0,0.0,0.7509752426125754,0.9244699203686005,0.7352845568593926,0.9438111041828254,0.7377473364483634,0.9467802229147253,0.7651039291177507,0.9291611365244133,0.7465479403711233,0.9277555586558378,0.9296306681098554,0.9569535784309267,1.0,0.0,1.0,0.0,0.0,0.0,0.0,1.0,5.0
6.0,0.0,1.0,1.0,0.0,1.0,0.0,1.0,0.0,0.0,1.0,1.0,1.0,1.0,0.0,0.0,1.0,0.0,0.0,0.0,1.0,1.0,0.0,0.0,1.0,1.0,1.0,0.0,0.0,0.0,0.0,0.0,1.0,0.0,1.0,0.0,0.0,0.7481198332490115,0.9306885748345666,0.7366999664678693,0.9152130904351896,0.7378190004605986,0.9133499500732262,0.762144592440189,0.9184154613972787,0.7467041892519184,0.9299050396591708,0.9276370334816892,0.9189942411165116,1.0,0.0,1.0,0.0,0.0,0.0,0.0,1.0,5.0
6.0,0.0,1.0,1.0,0.0,1.0,0.0,1.0,0.0,0.0,1.0,1.0,1.0,1.0,0.0,0.0,1.0,0.0,0.0,0.0,1.0,1.0,0.0,0.0,1.0,1.0,1.0,0.0,0.0,0.0,0.0,0.0,1.0,0.0,1.0,0.0,0.0,0.7946433514818041,0.9207709736666202,0.7090132743692868,0.8745633049349213,0.7011746918072594,0.9763264340819916,0.8516433779768365,0.9223881425531233,0.7633947434650156,0.9263663117336504,0.8966140732514362,0.9721476832151175,1.0,0.0,1.0,0.0,0.0,0.0,0.0,1.0,5.0
6.0,0.0,1.0,1.0,0.0,1.0,0.0,1.0,0.0,0.0,1.0,1.0,1.0,1.0,0.0,0.0,1.0,0.0,0.0,0.0,1.0,1.0,0.0,0.0,1.0,1.0,1.0,0.0,0.0,0.0,0.0,0.0,1.0,0.0,1.0,0.0,0.0,0.7690471904962198,0.9302217896159787,0.7353473239001701,0.9482402881829224,0.7376576873812801,0.9597602271989233,0.7839469428821484,0.9427243090155241,0.7475034986975175,0.9443444340808496,0.959680821382349,0.9568625646185966,1.0,0.0,1.0,0.0,0.0,0.0,0.0,1.0,5.0
6.0,0.0,1.0,1.0,0.0,1.0,0.0,1.0,0.0,0.0,1.0,1.0,1.0,1.0,0.0,0.0,1.0,0.0,0.0,0.0,1.0,1.0,0.0,0.0,1.0,1.0,1.0,0.0,0.0,0.0,0.0,0.0,1.0,0.0,1.0,0.0,0.0,0.748002934102533,0.9254594169679338,0.7366422732811377,0.9152767599214358,0.7368823912573647,0.9147850108185734,0.7543610632370659,0.918254400409069,0.7476930938934356,0.9270105038260826,0.8781771481147099,0.8737173845035028,1.0,0.0,1.0,0.0,0.0,0.0,0.0,1.0,5.0
6.0,0.0,1.0,1.0,0.0,1.0,0.0,1.0,0.0,0.0,1.0,1.0,1.0,1.0,0.0,0.0,1.0,0.0,0.0,0.0,1.0,1.0,0.0,0.0,1.0,1.0,1.0,0.0,0.0,0.0,0.0,0.0,1.0,0.0,1.0,0.0,0.0,0.7490800857412343,0.9243482514085507,0.7366063771363192,0.9151895424510721,0.7366977439634267,0.9147360859598821,0.7544268620809781,0.9191740231481114,0.7461279052048065,0.9214743306620795,0.8889423165671548,0.8993337890701983,1.0,0.0,1.0,0.0,0.0,0.0,0.0,1.0,5.0
6.0,0.0,1.0,1.0,0.0,1.0,0.0,1.0,0.0,0.0,1.0,1.0,1.0,1.0,0.0,0.0,1.0,0.0,0.0,0.0,1.0,1.0,0.0,0.0,1.0,1.0,1.0,0.0,0.0,0.0,0.0,0.0,1.0,0.0,1.0,0.0,0.0,0.7481545783981064,0.9306885748345666,0.7367471173979416,0.9152130904351896,0.7377845799968014,0.9133499500732262,0.7616016725262325,0.918477279002978,0.7465384350236745,0.92977187015185,0.9276370334816892,0.9189942411165116,1.0,0.0,1.0,0.0,0.0,0.0,0.0,1.0,5.0
6.0,0.0,1.0,1.0,0.0,1.0,0.0,1.0,0.0,0.0,1.0,1.0,1.0,1.0,0.0,0.0,1.0,0.0,0.0,0.0,1.0,1.0,0.0,0.0,1.0,1.0,1.0,0.0,0.0,0.0,0.0,0.0,1.0,0.0,1.0,0.0,0.0,0.7493092606202758,0.9254594169679338,0.7366422732811377,0.9152767599214358,0.7368814101948555,0.914734247513111,0.7543610632370659,0.9182545170158734,0.7476930938934356,0.9270061400723576,0.8781771481147099,0.8736990625544565,1.0,0.0,1.0,0.0,0.0,0.0,0.0,1.0,5.0
6.0,0.0,1.0,1.0,0.0,1.0,0.0,1.0,0.0,0.0,1.0,1.0,1.0,1.0,0.0,0.0,1.0,0.0,0.0,0.0,1.0,1.0,0.0,0.0,1.0,1.0,1.0,0.0,0.0,0.0,0.0,0.0,1.0,0.0,1.0,0.0,0.0,0.7506501111105386,0.9232526347864518,0.736612834524526,0.9151102545786939,0.736694357765289,0.914736078523225,0.753847736186325,0.9175656454404238,0.7460769297136826,0.9221876439079528,0.8786891881510962,0.9061801821830358,1.0,0.0,1.0,0.0,0.0,0.0,0.0,1.0,5.0
6.0,0.0,1.0,1.0,0.0,1.0,0.0,1.0,0.0,0.0,1.0,1.0,1.0,1.0,0.0,0.0,1.0,0.0,0.0,0.0,1.0,1.0,0.0,0.0,1.0,1.0,1.0,0.0,0.0,0.0,0.0,0.0,1.0,0.0,1.0,0.0,0.0,0.7493092606202758,0.9254573047784552,0.7366422732811377,0.9152085516061566,0.7368603618015539,0.914734247513111,0.7543067797942156,0.9182545170158734,0.7462428016348028,0.9204591032780007,0.8778284143988158,0.8736990625544565,1.0,0.0,1.0,0.0,0.0,0.0,0.0,1.0,5.0
6.0,0.0,1.0,1.0,0.0,1.0,0.0,1.0,0.0,0.0,1.0,1.0,1.0,1.0,0.0,0.0,1.0,0.0,0.0,0.0,1.0,1.0,0.0,0.0,1.0,1.0,1.0,0.0,0.0,0.0,0.0,0.0,1.0,0.0,1.0,0.0,0.0,0.7492964951964572,0.930001628202001,0.7367465997854371,0.9158055032620995,0.7373434729332055,0.9147342869289188,0.7577906524078998,0.9182761295322494,0.7477177258763666,0.9273523145530673,0.8913595397658528,0.8909578822296742,1.0,0.0,1.0,0.0,0.0,0.0,0.0,1.0,5.0
6.0,0.0,1.0,1.0,0.0,1.0,0.0,1.0,0.0,0.0,1.0,1.0,1.0,1.0,0.0,0.0,1.0,0.0,0.0,0.0,1.0,1.0,0.0,0.0,1.0,1.0,1.0,0.0,0.0,0.0,0.0,0.0,1.0,0.0,1.0,0.0,0.0,0.7461328373581347,0.9233009723116419,0.7366081500137496,0.9151561225175905,0.7367443836776665,0.9145677037902532,0.7490052490721583,0.9178554944459879,0.7438286119592576,0.9215179574214595,0.8340416718849646,0.921342628391101,1.0,0.0,1.0,0.0,0.0,0.0,0.0,1.0,5.0
6.0,0.0,1.0,1.0,0.0,1.0,0.0,1.0,0.0,0.0,1.0,1.0,1.0,1.0,0.0,0.0,1.0,0.0,0.0,0.0,1.0,1.0,0.0,0.0,1.0,1.0,1.0,0.0,0.0,0.0,0.0,0.0,1.0,0.0,1.0,0.0,0.0,0.7803088670309014,0.9260029591296178,0.7369640286704785,0.9629422787912513,0.7487414361411407,0.9800270492479652,0.8395445920842913,0.930618056242132,0.7631038676422218,0.9349237992471321,0.9535928089473801,0.9635848383853655,1.0,0.0,1.0,0.0,0.0,0.0,0.0,1.0,5.0
6.0,0.0,1.0,1.0,0.0,1.0,0.0,1.0,0.0,0.0,1.0,1.0,1.0,1.0,0.0,0.0,1.0,0.0,0.0,0.0,1.0,1.0,0.0,0.0,1.0,1.0,1.0,0.0,0.0,0.0,0.0,0.0,1.0,0.0,1.0,0.0,0.0,0.7464830808304681,0.9247340002486821,0.736742088707725,0.9152442214205588,0.7367697328461266,0.9149606047280749,0.7492792086687715,0.9219853017986428,0.7438198391580624,0.9239984973617769,0.842663814356283,0.9064845517414534,1.0,0.0,1.0,0.0,0.0,0.0,0.0,1.0,5.0
6.0,0.0,1.0,1.0,0.0,1.0,0.0,1.0,0.0,0.0,1.0,1.0,1.0,1.0,0.0,0.0,1.0,0.0,0.0,0.0,1.0,1.0,0.0,0.0,1.0,1.0,1.0,0.0,0.0,0.0,0.0,0.0,1.0,0.0,1.0,0.0,0.0,0.7492964952275061,0.9300399501448097,0.7367467463588268,0.9158054655729505,0.7373458233744837,0.9147343621609667,0.7577895912616534,0.9182395647951066,0.7475250020743603,0.9271316810753124,0.8915589378797447,0.9048313536855228,1.0,0.0,1.0,0.0,0.0,0.0,0.0,1.0,5.0
6.0,0.0,1.0,1.0,0.0,1.0,0.0,1.0,0.0,0.0,1.0,1.0,1.0,1.0,0.0,0.0,1.0,0.0,0.0,0.0,1.0,1.0,0.0,0.0,1.0,1.0,1.0,0.0,0.0,0.0,0.0,0.0,1.0,0.0,1.0,0.0,0.0,0.7492964707805664,0.9300043347605835,0.7367466007209548,0.9158051012009034,0.7373434729332055,0.9147342869289188,0.7577906524078998,0.9182576280822892,0.7475166848724125,0.9271303289853204,0.8922216111316832,0.901934639381881,1.0,0.0,1.0,0.0,0.0,0.0,0.0,1.0,5.0
6.0,0.0,1.0,1.0,0.0,1.0,0.0,1.0,0.0,0.0,1.0,1.0,1.0,1.0,0.0,0.0,1.0,0.0,0.0,0.0,1.0,1.0,0.0,0.0,1.0,1.0,1.0,0.0,0.0,0.0,0.0,0.0,1.0,0.0,1.0,0.0,0.0,0.7492964951964572,0.9299804911616292,0.7367466007209548,0.9158051012009034,0.7373434729332055,0.9147342869289188,0.7577906524078998,0.9182576280822892,0.7464332171103657,0.9271303289853204,0.8928269446261468,0.8903904130950624,1.0,0.0,1.0,0.0,0.0,0.0,0.0,1.0,5.0
6.0,0.0,1.0,1.0,0.0,1.0,0.0,1.0,0.0,0.0,1.0,1.0,1.0,1.0,0.0,0.0,1.0,0.0,0.0,0.0,1.0,1.0,0.0,0.0,1.0,1.0,1.0,0.0,0.0,0.0,0.0,0.0,1.0,0.0,1.0,0.0,0.0,0.7492964459703293,0.9300043347605835,0.7367466006891931,0.9158051012009034,0.7373434729332055,0.9147342869289188,0.7577906524078998,0.9182367343846586,0.7475166848724125,0.9271303233608353,0.8921930830498508,0.8745641635593941,1.0,0.0,1.0,0.0,0.0,0.0,0.0,1.0,5.0
6.0,0.0,1.0,1.0,0.0,1.0,0.0,1.0,0.0,0.0,1.0,1.0,1.0,1.0,0.0,0.0,1.0,0.0,0.0,0.0,1.0,1.0,0.0,0.0,1.0,1.0,1.0,0.0,0.0,0.0,0.0,0.0,1.0,0.0,1.0,0.0,0.0,0.7474478785790613,0.9251858584745389,0.7366340245501587,0.9152993386591619,0.736921046142205,0.9147363035620345,0.7542460477321777,0.918257152930961,0.7450256794616317,0.9270544482288203,0.8853077738660899,0.8734913491154234,1.0,0.0,1.0,0.0,0.0,0.0,0.0,1.0,5.0
6.0,0.0,1.0,1.0,0.0,1.0,0.0,1.0,0.0,0.0,1.0,1.0,1.0,1.0,0.0,0.0,1.0,0.0,0.0,0.0,1.0,1.0,0.0,0.0,1.0,1.0,1.0,0.0,0.0,0.0,0.0,0.0,1.0,0.0,1.0,0.0,0.0,0.7491945457059529,0.9300043347605835,0.7367475416933136,0.9158137207446742,0.7373454645022597,0.9147350215667602,0.7577053124327273,0.9182752099496431,0.7474238127242765,0.9191251811811131,0.9063707091886085,0.9028115222453917,1.0,0.0,1.0,0.0,0.0,0.0,0.0,1.0,5.0
6.0,0.0,1.0,1.0,0.0,1.0,0.0,1.0,0.0,0.0,1.0,1.0,1.0,1.0,0.0,0.0,1.0,0.0,0.0,0.0,1.0,1.0,0.0,0.0,1.0,1.0,1.0,0.0,0.0,0.0,0.0,0.0,1.0,0.0,1.0,0.0,0.0,0.7492964459360953,0.9300043347605835,0.7367466007209548,0.9158051012009034,0.7373434729332055,0.9147342869289188,0.7577906524078998,0.9182367343846586,0.7475166848724125,0.9271303233608353,0.8921929612107345,0.8737581431656297,1.0,0.0,1.0,0.0,0.0,0.0,0.0,1.0,5.0
6.0,0.0,1.0,1.0,0.0,1.0,0.0,1.0,0.0,0.0,1.0,1.0,1.0,1.0,0.0,0.0,1.0,0.0,0.0,0.0,1.0,1.0,0.0,0.0,1.0,1.0,1.0,0.0,0.0,0.0,0.0,0.0,1.0,0.0,1.0,0.0,0.0,0.7506984791333589,0.9300140075073274,0.7367025066253434,0.9152610796793056,0.7379965145499133,0.9133790754249815,0.7609522180383331,0.9279735195267055,0.747449902811387,0.9271214277902263,0.9087495441607901,0.9142431363351969,1.0,0.0,1.0,0.0,0.0,0.0,0.0,1.0,5.0
6.0,0.0,1.0,1.0,0.0,1.0,0.0,1.0,0.0,0.0,1.0,1.0,1.0,1.0,0.0,0.0,1.0,0.0,0.0,0.0,1.0,1.0,0.0,0.0,1.0,1.0,1.0,0.0,0.0,0.0,0.0,0.0,1.0,0.0,1.0,0.0,0.0,0.7507969094221401,0.9257988021113064,0.7353472753231878,0.9439370387723338,0.7380162091439214,0.9472147729435024,0.7615400659828339,0.9291469904142579,0.7460391672244681,0.9314741686988643,0.9295124245877281,0.910202002028847,1.0,0.0,1.0,0.0,0.0,0.0,0.0,1.0,5.0
6.0,0.0,1.0,1.0,0.0,1.0,0.0,1.0,0.0,0.0,1.0,1.0,1.0,1.0,0.0,0.0,1.0,0.0,0.0,0.0,1.0,1.0,0.0,0.0,1.0,1.0,1.0,0.0,0.0,0.0,0.0,0.0,1.0,0.0,1.0,0.0,0.0,0.7510537410697214,0.9297789127410514,0.7366949375071464,0.9152770566911547,0.7380659860733827,0.9134248089607118,0.7623028229377659,0.9290900640145922,0.7474795819963022,0.9269687658655263,0.9040565692570247,0.9074007239279703,1.0,0.0,1.0,0.0,0.0,0.0,0.0,1.0,5.0
6.0,0.0,1.0,1.0,0.0,1.0,0.0,1.0,0.0,0.0,1.0,1.0,1.0,1.0,0.0,0.0,1.0,0.0,0.0,0.0,1.0,1.0,0.0,0.0,1.0,1.0,1.0,0.0,0.0,0.0,0.0,0.0,1.0,0.0,1.0,0.0,0.0,0.750764161854676,0.9297789127410514,0.7367021951318476,0.9152766722090148,0.738070292463502,0.9134231565580263,0.760927495336665,0.9285562581480408,0.7474656570644715,0.9271138948359707,0.9062913636357799,0.9072228382857009,1.0,0.0,1.0,0.0,0.0,0.0,0.0,1.0,5.0
6.0,0.0,1.0,1.0,0.0,1.0,0.0,1.0,0.0,0.0,1.0,1.0,1.0,1.0,0.0,0.0,1.0,0.0,0.0,0.0,1.0,1.0,0.0,0.0,1.0,1.0,1.0,0.0,0.0,0.0,0.0,0.0,1.0,0.0,1.0,0.0,0.0,0.7703289205752621,0.9266387995949269,0.7006743492083017,0.9495376590227602,0.7097502809361405,0.9775837696907258,0.8244313246294669,0.9248826416491985,0.7335636151332534,0.9383764902363713,0.9053229335676224,0.9579659284166968,1.0,0.0,1.0,0.0,0.0,0.0,0.0,1.0,5.0
6.0,0.0,1.0,1.0,0.0,1.0,0.0,1.0,0.0,0.0,1.0,1.0,1.0,1.0,0.0,0.0,1.0,0.0,0.0,0.0,1.0,1.0,0.0,0.0,1.0,1.0,1.0,0.0,0.0,0.0,0.0,0.0,1.0,0.0,1.0,0.0,0.0,0.7611986656903582,0.9212523847184763,0.7369175081749617,0.9428182924607229,0.7378919176267716,0.9493357656515073,0.781105795922537,0.9291261054919384,0.7496718813191381,0.9268780871494473,0.952398732812496,0.9570956080117811,1.0,0.0,1.0,0.0,0.0,0.0,0.0,1.0,5.0
6.0,0.0,1.0,1.0,0.0,1.0,0.0,1.0,0.0,0.0,1.0,1.0,1.0,1.0,0.0,0.0,1.0,0.0,0.0,0.0,1.0,1.0,0.0,0.0,1.0,1.0,1.0,0.0,0.0,0.0,0.0,0.0,1.0,0.0,1.0,0.0,0.0,0.7475697207305336,0.9273701467897165,0.7371799561984899,0.9151754438550681,0.7373446433250614,0.9147607567535082,0.7556636453237618,0.9184143353498786,0.7470657865216596,0.9270420241261083,0.8885236270958261,0.8766239673175488,1.0,0.0,1.0,0.0,0.0,0.0,0.0,1.0,5.0
6.0,0.0,1.0,1.0,0.0,1.0,0.0,1.0,0.0,0.0,1.0,1.0,1.0,1.0,0.0,0.0,1.0,0.0,0.0,0.0,1.0,1.0,0.0,0.0,1.0,1.0,1.0,0.0,0.0,0.0,0.0,0.0,1.0,0.0,1.0,0.0,0.0,0.7492964951964572,0.9299806652616193,0.7367466007209548,0.9158051012009034,0.7373434729332055,0.9147342869289188,0.7577906524078998,0.9182576280822892,0.7475166848724125,0.9271297270366639,0.8918345039174619,0.8998509604357822,1.0,0.0,1.0,0.0,0.0,0.0,0.0,1.0,5.0
6.0,0.0,1.0,1.0,0.0,1.0,0.0,1.0,0.0,0.0,1.0,1.0,1.0,1.0,0.0,0.0,1.0,0.0,0.0,0.0,1.0,1.0,0.0,0.0,1.0,1.0,1.0,0.0,0.0,0.0,0.0,0.0,1.0,0.0,1.0,0.0,0.0,0.7462793267136689,0.9233009723116419,0.7366038519259099,0.9151996215413382,0.7367761204041327,0.914737126860676,0.7490052490721583,0.91812599515948,0.7441771425361282,0.9209620556396028,0.8353214710565329,0.8910248319973637,1.0,0.0,1.0,0.0,0.0,0.0,0.0,1.0,5.0
6.0,0.0,1.0,1.0,0.0,1.0,0.0,1.0,0.0,0.0,1.0,1.0,1.0,1.0,0.0,0.0,1.0,0.0,0.0,0.0,1.0,1.0,0.0,0.0,1.0,1.0,1.0,0.0,0.0,0.0,0.0,0.0,1.0,0.0,1.0,0.0,0.0,0.7466969088095813,0.9251858584745389,0.7366380270994344,0.915314191791232,0.7369245233649944,0.9147337931821988,0.7542460477321777,0.918257139676903,0.7450256794616317,0.9270558070236892,0.8853077738660899,0.8734913491154234,1.0,0.0,1.0,0.0,0.0,0.0,0.0,1.0,5.0
6.0,0.0,1.0,1.0,0.0,1.0,0.0,1.0,0.0,0.0,1.0,1.0,1.0,1.0,0.0,0.0,1.0,0.0,0.0,0.0,1.0,1.0,0.0,0.0,1.0,1.0,1.0,0.0,0.0,0.0,0.0,0.0,1.0,0.0,1.0,0.0,0.0,0.7493310408065263,0.9255098594976463,0.7366914539140436,0.9150989848991612,0.7367383090228664,0.9147854491483475,0.7541719108341761,0.9183946841491734,0.7420358486723053,0.9188356225625207,0.8524198637827599,0.8783053353490303,1.0,0.0,1.0,0.0,0.0,0.0,0.0,1.0,5.0
6.0,0.0,1.0,1.0,0.0,1.0,0.0,1.0,0.0,0.0,1.0,1.0,1.0,1.0,0.0,0.0,1.0,0.0,0.0,0.0,1.0,1.0,0.0,0.0,1.0,1.0,1.0,0.0,0.0,0.0,0.0,0.0,1.0,0.0,1.0,0.0,0.0,0.7698319203915799,0.9226195532152769,0.6983182288047269,0.9513563840051654,0.7050708161182019,0.9784127781292439,0.8112952302142509,0.9246943132277473,0.7482231035713198,0.9242446008872474,0.9111858815294489,0.9160595025843988,1.0,0.0,1.0,0.0,0.0,0.0,0.0,1.0,5.0
6.0,0.0,1.0,1.0,0.0,1.0,0.0,1.0,0.0,0.0,1.0,1.0,1.0,1.0,0.0,0.0,1.0,0.0,0.0,0.0,1.0,1.0,0.0,0.0,1.0,1.0,1.0,0.0,0.0,0.0,0.0,0.0,1.0,0.0,1.0,0.0,0.0,0.7487482572910121,0.9257925355302375,0.7366917735389399,0.9151353701529348,0.7377856640663517,0.9127713586484021,0.762410046779947,0.9182533108008389,0.7464146019663837,0.921296581520601,0.8885554970788613,0.7927714315612625,1.0,0.0,1.0,0.0,0.0,0.0,0.0,1.0,5.0
6.0,0.0,1.0,1.0,0.0,1.0,0.0,1.0,0.0,0.0,1.0,1.0,1.0,1.0,0.0,0.0,1.0,0.0,0.0,0.0,1.0,1.0,0.0,0.0,1.0,1.0,1.0,0.0,0.0,0.0,0.0,0.0,1.0,0.0,1.0,0.0,0.0,0.7604594704726539,0.9244236915264318,0.7367075320029894,0.9431897057889136,0.7379636212116355,0.9489504262051605,0.7784317982821755,0.9368058046481126,0.7439745104310134,0.934923817132478,0.9379675184836809,0.9999663245747645,1.0,0.0,1.0,0.0,0.0,0.0,0.0,1.0,5.0
6.0,0.0,1.0,1.0,0.0,1.0,0.0,1.0,0.0,0.0,1.0,1.0,1.0,1.0,0.0,0.0,1.0,0.0,0.0,0.0,1.0,1.0,0.0,0.0,1.0,1.0,1.0,0.0,0.0,0.0,0.0,0.0,1.0,0.0,1.0,0.0,0.0,0.7472814233965275,0.9254619592656183,0.7366340261986936,0.9152087494315194,0.7368339359394324,0.9147360135625477,0.7543652357877146,0.9182752242195374,0.7450490122119995,0.9205124784026509,0.8875464347171328,0.8723312783772783,1.0,0.0,1.0,0.0,0.0,0.0,0.0,1.0,5.0
6.0,0.0,1.0,1.0,0.0,1.0,0.0,1.0,0.0,0.0,1.0,1.0,1.0,1.0,0.0,0.0,1.0,0.0,0.0,0.0,1.0,1.0,0.0,0.0,1.0,1.0,1.0,0.0,0.0,0.0,0.0,0.0,1.0,0.0,1.0,0.0,0.0,0.7470989480664929,0.9254963054961215,0.7367454198440426,0.9151754712203839,0.7368209377887872,0.9147342874240187,0.7536393118302182,0.9179775208246106,0.7461037770063298,0.9207865004220743,0.8876639624793846,0.8909131353372658,1.0,0.0,1.0,0.0,0.0,0.0,0.0,1.0,5.0
6.0,0.0,1.0,1.0,0.0,1.0,0.0,1.0,0.0,0.0,1.0,1.0,1.0,1.0,0.0,0.0,1.0,0.0,0.0,0.0,1.0,1.0,0.0,0.0,1.0,1.0,1.0,0.0,0.0,0.0,0.0,0.0,1.0,0.0,1.0,0.0,0.0,0.7472769536064854,0.9257117049930481,0.7366342209565968,0.91516106354187,0.7368326282753794,0.9147362072725345,0.7543028676758442,0.9187072512086343,0.74579955682315,0.9202901879001582,0.8911543275979676,0.874416348585531,1.0,0.0,1.0,0.0,0.0,0.0,0.0,1.0,5.0
6.0,0.0,1.0,1.0,0.0,1.0,0.0,1.0,0.0,0.0,1.0,1.0,1.0,1.0,0.0,0.0,1.0,0.0,0.0,0.0,1.0,1.0,0.0,0.0,1.0,1.0,1.0,0.0,0.0,0.0,0.0,0.0,1.0,0.0,1.0,0.0,0.0,0.7593770047329382,0.9251999764124077,0.7369335783257751,0.9437934928440155,0.7379720862312776,0.948472523864555,0.7789308848179871,0.9293716503432659,0.7521505453311079,0.9347007789031961,0.9333788704134932,0.9993390186072736,1.0,0.0,1.0,0.0,0.0,0.0,0.0,1.0,5.0
6.0,0.0,1.0,1.0,0.0,1.0,0.0,1.0,0.0,0.0,1.0,1.0,1.0,1.0,0.0,0.0,1.0,0.0,0.0,0.0,1.0,1.0,0.0,0.0,1.0,1.0,1.0,0.0,0.0,0.0,0.0,0.0,1.0,0.0,1.0,0.0,0.0,0.7476128830083981,0.9251682548081767,0.7367418776414133,0.9152527241923689,0.736829838705378,0.9147281552774661,0.7503307100131996,0.9261172711846215,0.743926673811108,0.9214836931052846,0.8588308245420054,0.9217331450748801,1.0,0.0,1.0,0.0,0.0,0.0,0.0,1.0,5.0
6.0,0.0,1.0,1.0,0.0,1.0,0.0,1.0,0.0,0.0,1.0,1.0,1.0,1.0,0.0,0.0,1.0,0.0,0.0,0.0,1.0,1.0,0.0,0.0,1.0,1.0,1.0,0.0,0.0,0.0,0.0,0.0,1.0,0.0,1.0,0.0,0.0,0.7462793267136689,0.9232874633367074,0.7366036833440729,0.9151717130407051,0.7367304174385462,0.9147361907180318,0.7489414411473397,0.9182980142030016,0.7436469022498223,0.920284395342359,0.8353214710565329,0.9532368220277853,1.0,0.0,1.0,0.0,0.0,0.0,0.0,1.0,5.0
6.0,0.0,1.0,1.0,0.0,1.0,0.0,1.0,0.0,0.0,1.0,1.0,1.0,1.0,0.0,0.0,1.0,0.0,0.0,0.0,1.0,1.0,0.0,0.0,1.0,1.0,1.0,0.0,0.0,0.0,0.0,0.0,1.0,0.0,1.0,0.0,0.0,0.7484494163385914,0.9272883281770171,0.7366062858487015,0.915189596491388,0.7368316175225181,0.9147342946368229,0.7544390962570273,0.9182801010014914,0.7464101474699126,0.9215326447008649,0.878321212524872,0.9003023809790698,1.0,0.0,1.0,0.0,0.0,0.0,0.0,1.0,5.0
6.0,0.0,1.0,1.0,0.0,1.0,0.0,1.0,0.0,0.0,1.0,1.0,1.0,1.0,0.0,0.0,1.0,0.0,0.0,0.0,1.0,1.0,0.0,0.0,1.0,1.0,1.0,0.0,0.0,0.0,0.0,0.0,1.0,0.0,1.0,0.0,0.0,0.7492964951964572,0.9300043347605835,0.7367454198440426,0.9158051012009034,0.7373437038472106,0.9147360178634856,0.7577516075362859,0.9182801393117663,0.7477057200295087,0.9278863004139049,0.8914601401911459,0.8909786526926793,1.0,0.0,1.0,0.0,0.0,0.0,0.0,1.0,5.0
6.0,0.0,1.0,1.0,0.0,1.0,0.0,1.0,0.0,0.0,1.0,1.0,1.0,1.0,0.0,0.0,1.0,0.0,0.0,0.0,1.0,1.0,0.0,0.0,1.0,1.0,1.0,0.0,0.0,0.0,0.0,0.0,1.0,0.0,1.0,0.0,0.0,0.7506653101159017,0.9257988021113064,0.7353028115437006,0.9438909409612112,0.738016129144218,0.9471801463930507,0.7650776786096848,0.9291469904142579,0.7458085873677974,0.9329393624000414,0.9295285831907018,0.981532199888429,1.0,0.0,1.0,0.0,0.0,0.0,0.0,1.0,5.0
6.0,0.0,1.0,1.0,0.0,1.0,0.0,1.0,0.0,0.0,1.0,1.0,1.0,1.0,0.0,0.0,1.0,0.0,0.0,0.0,1.0,1.0,0.0,0.0,1.0,1.0,1.0,0.0,0.0,0.0,0.0,0.0,1.0,0.0,1.0,0.0,0.0,0.7492965095928917,0.9299801896275078,0.7367466006500649,0.9158051012009034,0.7373434729332055,0.914737256540703,0.7577906524078998,0.9182576280822892,0.745008918460093,0.927352623186144,0.8916030071700831,0.87467692968516,1.0,0.0,1.0,0.0,0.0,0.0,0.0,1.0,5.0
6.0,0.0,1.0,1.0,0.0,1.0,0.0,1.0,0.0,0.0,1.0,1.0,1.0,1.0,0.0,0.0,1.0,0.0,0.0,0.0,1.0,1.0,0.0,0.0,1.0,1.0,1.0,0.0,0.0,0.0,0.0,0.0,1.0,0.0,1.0,0.0,0.0,0.7461812069374931,0.9232993600028354,0.7366081500137496,0.9151561225175905,0.7367473793249646,0.9147381657801967,0.7493318148589657,0.9201623406881853,0.7438286119592576,0.9213335150418384,0.8355294394610753,0.8619256348169936,1.0,0.0,1.0,0.0,0.0,0.0,0.0,1.0,5.0
6.0,0.0,1.0,1.0,0.0,1.0,0.0,1.0,0.0,0.0,1.0,1.0,1.0,1.0,0.0,0.0,1.0,0.0,0.0,0.0,1.0,1.0,0.0,0.0,1.0,1.0,1.0,0.0,0.0,0.0,0.0,0.0,1.0,0.0,1.0,0.0,0.0,0.7491301640952378,0.9244316165438615,0.7366144913922239,0.9151840371496451,0.7367409685123897,0.914736078523225,0.7537543472909396,0.9182044300030268,0.7474936437556838,0.923101978057622,0.8787730161899847,0.9060925043996753,1.0,0.0,1.0,0.0,0.0,0.0,0.0,1.0,5.0
6.0,0.0,1.0,1.0,0.0,1.0,0.0,1.0,0.0,0.0,1.0,1.0,1.0,1.0,0.0,0.0,1.0,0.0,0.0,0.0,1.0,1.0,0.0,0.0,1.0,1.0,1.0,0.0,0.0,0.0,0.0,0.0,1.0,0.0,1.0,0.0,0.0,0.78073931769384,0.9261408173685431,0.7370822479726779,0.9629585206855614,0.7489796852060512,0.9804713162206539,0.8395445920842913,0.9318983608281998,0.7482034963071457,0.9536672371004875,0.9591912831467089,0.9629905363103044,1.0,0.0,1.0,0.0,0.0,0.0,0.0,1.0,5.0
6.0,0.0,1.0,1.0,0.0,1.0,0.0,1.0,0.0,0.0,1.0,1.0,1.0,1.0,0.0,0.0,1.0,0.0,0.0,0.0,1.0,1.0,0.0,0.0,1.0,1.0,1.0,0.0,0.0,0.0,0.0,0.0,1.0,0.0,1.0,0.0,0.0,0.7490802454747,0.923138280145313,0.7366064004688118,0.915189596491388,0.7366984359899243,0.9147361957916614,0.7540422983062266,0.9181918234521986,0.743967440664955,0.9215073808227009,0.8762959128468529,0.8762285941965859,1.0,0.0,1.0,0.0,0.0,0.0,0.0,1.0,5.0
6.0,0.0,1.0,1.0,0.0,1.0,0.0,1.0,0.0,0.0,1.0,1.0,1.0,1.0,0.0,0.0,1.0,0.0,0.0,0.0,1.0,1.0,0.0,0.0,1.0,1.0,1.0,0.0,0.0,0.0,0.0,0.0,1.0,0.0,1.0,0.0,0.0,0.748440120611598,0.9272678949678858,0.736572568190639,0.9151894336296912,0.736799965534761,0.9147361111216429,0.7544147681203253,0.9179621384535529,0.7439116867230192,0.925980760094394,0.878397024058811,0.9044944704976764,1.0,0.0,1.0,0.0,0.0,0.0,0.0,1.0,5.0
6.0,0.0,1.0,1.0,0.0,1.0,0.0,1.0,0.0,0.0,1.0,1.0,1.0,1.0,0.0,0.0,1.0,0.0,0.0,0.0,1.0,1.0,0.0,0.0,1.0,1.0,1.0,0.0,0.0,0.0,0.0,0.0,1.0,0.0,1.0,0.0,0.0,0.7493059008240182,0.9271720650752026,0.7367059548447501,0.9151414718624421,0.7377319277629021,0.9132304831057707,0.7580387490674994,0.9182958818300981,0.747618809815657,0.9217597499883354,0.9204293383397305,0.899476620380221,1.0,0.0,1.0,0.0,0.0,0.0,0.0,1.0,5.0
6.0,0.0,1.0,1.0,0.0,1.0,0.0,1.0,0.0,0.0,1.0,1.0,1.0,1.0,0.0,0.0,1.0,0.0,0.0,0.0,1.0,1.0,0.0,0.0,1.0,1.0,1.0,0.0,0.0,0.0,0.0,0.0,1.0,0.0,1.0,0.0,0.0,0.7506433948327204,0.9257988021113064,0.7353028115437006,0.9438909409612112,0.738016129144218,0.9471801463930507,0.7650698381738266,0.9291469904142579,0.7458085873677974,0.9323896310700278,0.9295285831907018,0.981532199888429,1.0,0.0,1.0,0.0,0.0,0.0,0.0,1.0,5.0
6.0,0.0,1.0,1.0,0.0,1.0,0.0,1.0,0.0,0.0,1.0,1.0,1.0,1.0,0.0,0.0,1.0,0.0,0.0,0.0,1.0,1.0,0.0,0.0,1.0,1.0,1.0,0.0,0.0,0.0,0.0,0.0,1.0,0.0,1.0,0.0,0.0,0.7493610313175993,0.9273428354552941,0.7367020669636759,0.9151755774050746,0.7377319277629021,0.9130967939473302,0.7580444179035758,0.9191751462073094,0.7474992843042755,0.9271881235135236,0.9163958116451709,0.8989857216685158,1.0,0.0,1.0,0.0,0.0,0.0,0.0,1.0,5.0
6.0,0.0,1.0,1.0,0.0,1.0,0.0,1.0,0.0,0.0,1.0,1.0,1.0,1.0,0.0,0.0,1.0,0.0,0.0,0.0,1.0,1.0,0.0,0.0,1.0,1.0,1.0,0.0,0.0,0.0,0.0,0.0,1.0,0.0,1.0,0.0,0.0,0.746062826516056,0.923325504740265,0.7366107024746041,0.9151561225175905,0.7367443836776665,0.9147375209405435,0.7492271556869591,0.9183252272220164,0.7444075170440295,0.9204676050945427,0.8563520153855342,0.9209247452509712,1.0,0.0,1.0,0.0,0.0,0.0,0.0,1.0,5.0
6.0,0.0,1.0,1.0,0.0,1.0,0.0,1.0,0.0,0.0,1.0,1.0,1.0,1.0,0.0,0.0,1.0,0.0,0.0,0.0,1.0,1.0,0.0,0.0,1.0,1.0,1.0,0.0,0.0,0.0,0.0,0.0,1.0,0.0,1.0,0.0,0.0,0.7484685201166148,0.9275319872808039,0.736572568190639,0.9151894336296912,0.736799965534761,0.9147360902471974,0.7543604715785786,0.9179611005491607,0.7439116867230192,0.925980760094394,0.8781745854152118,0.9027834292240707,1.0,0.0,1.0,0.0,0.0,0.0,0.0,1.0,5.0
6.0,0.0,1.0,1.0,0.0,1.0,0.0,1.0,0.0,0.0,1.0,1.0,1.0,1.0,0.0,0.0,1.0,0.0,0.0,0.0,1.0,1.0,0.0,0.0,1.0,1.0,1.0,0.0,0.0,0.0,0.0,0.0,1.0,0.0,1.0,0.0,0.0,0.7699489414148074,0.9098627425898799,0.6937515369739128,0.9117646454129713,0.6978000085009264,0.9532533725406421,0.8239053554458293,0.9236076640391738,0.7425203391943642,0.9265627388532165,0.904662510361347,0.9716635293881408,1.0,0.0,1.0,0.0,0.0,0.0,0.0,1.0,5.0
6.0,0.0,1.0,1.0,0.0,1.0,0.0,1.0,0.0,0.0,1.0,1.0,1.0,1.0,0.0,0.0,1.0,0.0,0.0,0.0,1.0,1.0,0.0,0.0,1.0,1.0,1.0,0.0,0.0,0.0,0.0,0.0,1.0,0.0,1.0,0.0,0.0,0.7462793267136689,0.9228208778502383,0.7366036833440729,0.9151718494023505,0.7367443836776665,0.914737126860676,0.7490052490721583,0.9180185692864026,0.7436524528567298,0.9213196979606377,0.8353214710565329,0.8897613969105567,1.0,0.0,1.0,0.0,0.0,0.0,0.0,1.0,5.0
6.0,0.0,1.0,1.0,0.0,1.0,0.0,1.0,0.0,0.0,1.0,1.0,1.0,1.0,0.0,0.0,1.0,0.0,0.0,0.0,1.0,1.0,0.0,0.0,1.0,1.0,1.0,0.0,0.0,0.0,0.0,0.0,1.0,0.0,1.0,0.0,0.0,0.7492680957225397,0.9297767026797139,0.7367601895032252,0.9157964175888346,0.7373458410172052,0.9147376965860713,0.7578339792052349,0.9182401667775223,0.7475155456991396,0.9270004066599741,0.9033684629851276,0.9045225635189974,1.0,0.0,1.0,0.0,0.0,0.0,0.0,1.0,5.0
6.0,0.0,1.0,1.0,0.0,1.0,0.0,1.0,0.0,0.0,1.0,1.0,1.0,1.0,0.0,0.0,1.0,0.0,0.0,0.0,1.0,1.0,0.0,0.0,1.0,1.0,1.0,0.0,0.0,0.0,0.0,0.0,1.0,0.0,1.0,0.0,0.0,0.7491465214982328,0.9261222847742461,0.737326009668993,0.9152378784977897,0.7373615184036046,0.9149609379935099,0.7543315476705136,0.9195606985695655,0.7461960072627675,0.9215470055670493,0.8676166932516941,0.9215076517661028,1.0,0.0,1.0,0.0,0.0,0.0,0.0,1.0,5.0
6.0,0.0,1.0,1.0,0.0,1.0,0.0,1.0,0.0,0.0,1.0,1.0,1.0,1.0,0.0,0.0,1.0,0.0,0.0,0.0,1.0,1.0,0.0,0.0,1.0,1.0,1.0,0.0,0.0,0.0,0.0,0.0,1.0,0.0,1.0,0.0,0.0,0.746062826516056,0.9233009723116419,0.7366081500137496,0.9151021015147917,0.7367443836776665,0.9147375076368748,0.7489806308627409,0.9185141327666362,0.7446167027724709,0.9215255697214714,0.8570497811722102,0.8969158939517679,1.0,0.0,1.0,0.0,0.0,0.0,0.0,1.0,5.0
6.0,0.0,1.0,1.0,0.0,1.0,0.0,1.0,0.0,0.0,1.0,1.0,1.0,1.0,0.0,0.0,1.0,0.0,0.0,0.0,1.0,1.0,0.0,0.0,1.0,1.0,1.0,0.0,0.0,0.0,0.0,0.0,1.0,0.0,1.0,0.0,0.0,0.7506501111105386,0.9233079548050838,0.7365729056646643,0.9151129219956636,0.736694357765289,0.9147360780082873,0.753847736186325,0.9175656454404238,0.7460769297136826,0.9221876439079528,0.8783956910006897,0.904508186383428,1.0,0.0,1.0,0.0,0.0,0.0,0.0,1.0,5.0
6.0,0.0,1.0,1.0,0.0,1.0,0.0,1.0,0.0,0.0,1.0,1.0,1.0,1.0,0.0,0.0,1.0,0.0,0.0,0.0,1.0,1.0,0.0,0.0,1.0,1.0,1.0,0.0,0.0,0.0,0.0,0.0,1.0,0.0,1.0,0.0,0.0,0.7493092606202758,0.9254701626648483,0.7366422732811377,0.9152080567031666,0.7368603618015539,0.914734247513111,0.7543067797942156,0.9182545170158734,0.7462428016348028,0.9203667269701554,0.8778284143988158,0.8736990625544565,1.0,0.0,1.0,0.0,0.0,0.0,0.0,1.0,5.0
6.0,0.0,1.0,1.0,0.0,1.0,0.0,1.0,0.0,0.0,1.0,1.0,1.0,1.0,0.0,0.0,1.0,0.0,0.0,0.0,1.0,1.0,0.0,0.0,1.0,1.0,1.0,0.0,0.0,0.0,0.0,0.0,1.0,0.0,1.0,0.0,0.0,0.7800387783822622,0.926002940549223,0.7369578728189499,0.9629667043768099,0.7487308105608997,0.9800270492479652,0.8395445920842913,0.9303709392903882,0.754298341781274,0.9526596393469079,0.9518698813934219,0.9635905158113709,1.0,0.0,1.0,0.0,0.0,0.0,0.0,1.0,5.0
6.0,0.0,1.0,1.0,0.0,1.0,0.0,1.0,0.0,0.0,1.0,1.0,1.0,1.0,0.0,0.0,1.0,0.0,0.0,0.0,1.0,1.0,0.0,0.0,1.0,1.0,1.0,0.0,0.0,0.0,0.0,0.0,1.0,0.0,1.0,0.0,0.0,0.7507969659859559,0.9257988021113064,0.7353472753231878,0.9439370387723338,0.7380162091439214,0.9472147729435024,0.7614323539480321,0.9291469904142579,0.7460391672244681,0.9314741686988643,0.9295124245877281,0.9544535934415646,1.0,0.0,1.0,0.0,0.0,0.0,0.0,1.0,5.0
6.0,0.0,1.0,1.0,0.0,1.0,0.0,1.0,0.0,0.0,1.0,1.0,1.0,1.0,0.0,0.0,1.0,0.0,0.0,0.0,1.0,1.0,0.0,0.0,1.0,1.0,1.0,0.0,0.0,0.0,0.0,0.0,1.0,0.0,1.0,0.0,0.0,0.7806073889669458,0.9267463135153261,0.7369519525350408,0.9625595193692285,0.7510734243273178,0.9817037995407117,0.8358198288480444,0.9290456034080401,0.7475132726320873,0.9531636874973763,0.9504804829892959,0.9570158695307526,1.0,0.0,1.0,0.0,0.0,0.0,0.0,1.0,5.0
6.0,0.0,1.0,1.0,0.0,1.0,0.0,1.0,0.0,0.0,1.0,1.0,1.0,1.0,0.0,0.0,1.0,0.0,0.0,0.0,1.0,1.0,0.0,0.0,1.0,1.0,1.0,0.0,0.0,0.0,0.0,0.0,1.0,0.0,1.0,0.0,0.0,0.7473699973638269,0.9252128133604816,0.7366383137471455,0.9153202474961079,0.736931300857866,0.9147363035620345,0.754395777959148,0.918257942116932,0.7450256794616317,0.9269732583430238,0.8886856541140347,0.8734913491154234,1.0,0.0,1.0,0.0,0.0,0.0,0.0,1.0,5.0
6.0,0.0,1.0,1.0,0.0,1.0,0.0,1.0,0.0,0.0,1.0,1.0,1.0,1.0,0.0,0.0,1.0,0.0,0.0,0.0,1.0,1.0,0.0,0.0,1.0,1.0,1.0,0.0,0.0,0.0,0.0,0.0,1.0,0.0,1.0,0.0,0.0,0.7490802454747,0.9229419397201364,0.7366048554731763,0.915189596491388,0.7367662736513383,0.9147361957916614,0.7531048494801326,0.9181918234521986,0.743967440664955,0.9213515413942946,0.8783895057380077,0.8762285941965859,1.0,0.0,1.0,0.0,0.0,0.0,0.0,1.0,5.0
6.0,0.0,1.0,1.0,0.0,1.0,0.0,1.0,0.0,0.0,1.0,1.0,1.0,1.0,0.0,0.0,1.0,0.0,0.0,0.0,1.0,1.0,0.0,0.0,1.0,1.0,1.0,0.0,0.0,0.0,0.0,0.0,1.0,0.0,1.0,0.0,0.0,0.7492964951964572,0.9299842499576213,0.7367466007209548,0.9158051012009034,0.7373434729332055,0.9147372609866841,0.7577906524078998,0.9182576280822892,0.7474163498597542,0.9271319160085577,0.8915824095917981,0.9105787378259016,1.0,0.0,1.0,0.0,0.0,0.0,0.0,1.0,5.0
6.0,0.0,1.0,1.0,0.0,1.0,0.0,1.0,0.0,0.0,1.0,1.0,1.0,1.0,0.0,0.0,1.0,0.0,0.0,0.0,1.0,1.0,0.0,0.0,1.0,1.0,1.0,0.0,0.0,0.0,0.0,0.0,1.0,0.0,1.0,0.0,0.0,0.7492021149725065,0.9244316165438615,0.7366145650888122,0.9151840371496451,0.7367444297099,0.914736078523225,0.7537543472909396,0.9182044300030268,0.7474936437556838,0.923101978057622,0.8772084028523013,0.9064322554168823,1.0,0.0,1.0,0.0,0.0,0.0,0.0,1.0,5.0
6.0,0.0,1.0,1.0,0.0,1.0,0.0,1.0,0.0,0.0,1.0,1.0,1.0,1.0,0.0,0.0,1.0,0.0,0.0,0.0,1.0,1.0,0.0,0.0,1.0,1.0,1.0,0.0,0.0,0.0,0.0,0.0,1.0,0.0,1.0,0.0,0.0,0.7507832977315547,0.9258056498145129,0.7353142974235966,0.9438909409612112,0.7386574721166889,0.9477334011565907,0.7646956972407182,0.9291703403137722,0.7460673868829416,0.9317023416579252,0.929077292511914,0.9633587857725777,1.0,0.0,1.0,0.0,0.0,0.0,0.0,1.0,5.0
6.0,0.0,1.0,1.0,0.0,1.0,0.0,1.0,0.0,0.0,1.0,1.0,1.0,1.0,0.0,0.0,1.0,0.0,0.0,0.0,1.0,1.0,0.0,0.0,1.0,1.0,1.0,0.0,0.0,0.0,0.0,0.0,1.0,0.0,1.0,0.0,0.0,0.748002934102533,0.9254594169679338,0.7366429643993082,0.9152767599214358,0.7368823912573647,0.9147850108185734,0.7543610632370659,0.918337353257534,0.7476930938934356,0.9270105038260826,0.8818915494123702,0.8704989263607749,1.0,0.0,1.0,0.0,0.0,0.0,0.0,1.0,5.0
6.0,0.0,1.0,1.0,0.0,1.0,0.0,1.0,0.0,0.0,1.0,1.0,1.0,1.0,0.0,0.0,1.0,0.0,0.0,0.0,1.0,1.0,0.0,0.0,1.0,1.0,1.0,0.0,0.0,0.0,0.0,0.0,1.0,0.0,1.0,0.0,0.0,0.7464319882358705,0.9247696548885034,0.7366914140147357,0.9151010949067967,0.7367382804228012,0.9149370851654337,0.7489908277152264,0.9217279377759203,0.7420769892912681,0.9210070101630173,0.8695252388251585,0.9147179958851945,1.0,0.0,1.0,0.0,0.0,0.0,0.0,1.0,5.0
6.0,0.0,1.0,1.0,0.0,1.0,0.0,1.0,0.0,0.0,1.0,1.0,1.0,1.0,0.0,0.0,1.0,0.0,0.0,0.0,1.0,1.0,0.0,0.0,1.0,1.0,1.0,0.0,0.0,0.0,0.0,0.0,1.0,0.0,1.0,0.0,0.0,0.7492959819045015,0.9299779520104557,0.7367466045761435,0.9158051012009034,0.7373434738211617,0.9147342939064156,0.7577889796533498,0.9182154974862868,0.7471525418296402,0.9271316063862234,0.8927346684852324,0.8892600920854072,1.0,0.0,1.0,0.0,0.0,0.0,0.0,1.0,5.0
6.0,0.0,1.0,1.0,0.0,1.0,0.0,1.0,0.0,0.0,1.0,1.0,1.0,1.0,0.0,0.0,1.0,0.0,0.0,0.0,1.0,1.0,0.0,0.0,1.0,1.0,1.0,0.0,0.0,0.0,0.0,0.0,1.0,0.0,1.0,0.0,0.0,0.746062826516056,0.9232481401603426,0.7366081500137496,0.9151021015147917,0.7367443836776665,0.9147375076368748,0.7489806308627409,0.9187679413824463,0.7445384305921527,0.9217847227289556,0.8574090806090139,0.8959527367604307,1.0,0.0,1.0,0.0,0.0,0.0,0.0,1.0,5.0
6.0,0.0,1.0,1.0,0.0,1.0,0.0,1.0,0.0,0.0,1.0,1.0,1.0,1.0,0.0,0.0,1.0,0.0,0.0,0.0,1.0,1.0,0.0,0.0,1.0,1.0,1.0,0.0,0.0,0.0,0.0,0.0,1.0,0.0,1.0,0.0,0.0,0.7492965046564561,0.9298107929067893,0.7367514542469913,0.9158051012009034,0.7373434729332055,0.9147368642908953,0.7578233921424492,0.9182576280822892,0.7478104967253627,0.9271302334209315,0.8915813296853186,0.8912636181466439,1.0,0.0,1.0,0.0,0.0,0.0,0.0,1.0,5.0
6.0,0.0,1.0,1.0,0.0,1.0,0.0,1.0,0.0,0.0,1.0,1.0,1.0,1.0,0.0,0.0,1.0,0.0,0.0,0.0,1.0,1.0,0.0,0.0,1.0,1.0,1.0,0.0,0.0,0.0,0.0,0.0,1.0,0.0,1.0,0.0,0.0,0.7492962010677862,0.9299841410522444,0.7367451790508847,0.9158040428207315,0.7373434729333745,0.9147342953222998,0.7577798346611453,0.9182576280822892,0.7475389767338531,0.9271269449756705,0.891466957434813,0.8765701938870637,1.0,0.0,1.0,0.0,0.0,0.0,0.0,1.0,5.0
6.0,0.0,1.0,1.0,0.0,1.0,0.0,1.0,0.0,0.0,1.0,1.0,1.0,1.0,0.0,0.0,1.0,0.0,0.0,0.0,1.0,1.0,0.0,0.0,1.0,1.0,1.0,0.0,0.0,0.0,0.0,0.0,1.0,0.0,1.0,0.0,0.0,0.7699489414148074,0.9104307258445457,0.6936123740520272,0.9117646454129713,0.6979064576225121,0.9532533725406421,0.8239053554458293,0.923690126765981,0.742454282606364,0.923910489849661,0.9036025331352016,0.9716635293881408,1.0,0.0,1.0,0.0,0.0,0.0,0.0,1.0,5.0
6.0,0.0,1.0,1.0,0.0,1.0,0.0,1.0,0.0,0.0,1.0,1.0,1.0,1.0,0.0,0.0,1.0,0.0,0.0,0.0,1.0,1.0,0.0,0.0,1.0,1.0,1.0,0.0,0.0,0.0,0.0,0.0,1.0,0.0,1.0,0.0,0.0,0.7702509238659665,0.9226195532152769,0.6969671864317415,0.9513563840051654,0.7050708161182019,0.9784371859251145,0.8116795523524425,0.924525653405291,0.7482048729836341,0.921425056759315,0.9111089527305494,0.9154350382744626,1.0,0.0,1.0,0.0,0.0,0.0,0.0,1.0,5.0
6.0,0.0,1.0,1.0,0.0,1.0,0.0,1.0,0.0,0.0,1.0,1.0,1.0,1.0,0.0,0.0,1.0,0.0,0.0,0.0,1.0,1.0,0.0,0.0,1.0,1.0,1.0,0.0,0.0,0.0,0.0,0.0,1.0,0.0,1.0,0.0,0.0,0.7492933348584393,0.9300043347605835,0.7367466007209548,0.9158051012009034,0.7373434729332055,0.9147342869289188,0.7577957895107986,0.9182076600575659,0.7475166848724125,0.9266042492622867,0.8911856953060587,0.8764196862484482,1.0,0.0,1.0,0.0,0.0,0.0,0.0,1.0,5.0
6.0,0.0,1.0,1.0,0.0,1.0,0.0,1.0,0.0,0.0,1.0,1.0,1.0,1.0,0.0,0.0,1.0,0.0,0.0,0.0,1.0,1.0,0.0,0.0,1.0,1.0,1.0,0.0,0.0,0.0,0.0,0.0,1.0,0.0,1.0,0.0,0.0,0.749339772988066,0.9271597313813554,0.7367024279210073,0.9151480569997553,0.7377319277629021,0.9132304831057707,0.7580387490674994,0.9182958818300981,0.7421191103738275,0.9217597499883354,0.9073228351920092,0.8991867983005379,1.0,0.0,1.0,0.0,0.0,0.0,0.0,1.0,5.0
6.0,0.0,1.0,1.0,0.0,1.0,0.0,1.0,0.0,0.0,1.0,1.0,1.0,1.0,0.0,0.0,1.0,0.0,0.0,0.0,1.0,1.0,0.0,0.0,1.0,1.0,1.0,0.0,0.0,0.0,0.0,0.0,1.0,0.0,1.0,0.0,0.0,0.749295371044831,0.930004390182796,0.7367466007209548,0.9158051012009034,0.7373434729332055,0.9147342869289188,0.7579649419079674,0.9182107574110647,0.7475163405000579,0.9274855293361709,0.8911856953060587,0.8772686309563128,1.0,0.0,1.0,0.0,0.0,0.0,0.0,1.0,5.0
6.0,0.0,1.0,1.0,0.0,1.0,0.0,1.0,0.0,0.0,1.0,1.0,1.0,1.0,0.0,0.0,1.0,0.0,0.0,0.0,1.0,1.0,0.0,0.0,1.0,1.0,1.0,0.0,0.0,0.0,0.0,0.0,1.0,0.0,1.0,0.0,0.0,0.750697715151457,0.9300127616727761,0.7367043837909193,0.9152460849603631,0.738037866174413,0.9133777337616815,0.7609571857611778,0.9285611697461308,0.7472373003952546,0.9271138026594807,0.9051495596201792,0.90734422628825,1.0,0.0,1.0,0.0,0.0,0.0,0.0,1.0,5.0
6.0,0.0,1.0,1.0,0.0,1.0,0.0,1.0,0.0,0.0,1.0,1.0,1.0,1.0,0.0,0.0,1.0,0.0,0.0,0.0,1.0,1.0,0.0,0.0,1.0,1.0,1.0,0.0,0.0,0.0,0.0,0.0,1.0,0.0,1.0,0.0,0.0,0.7492964951964572,0.92998049106255,0.7367466007209548,0.9158051012009034,0.7373434729332055,0.9147342869289188,0.7577906524078998,0.9182576280822892,0.7477091736188363,0.9272133909044992,0.8994168394108129,0.8965869193119231,1.0,0.0,1.0,0.0,0.0,0.0,0.0,1.0,5.0
6.0,0.0,1.0,1.0,0.0,1.0,0.0,1.0,0.0,0.0,1.0,1.0,1.0,1.0,0.0,0.0,1.0,0.0,0.0,0.0,1.0,1.0,0.0,0.0,1.0,1.0,1.0,0.0,0.0,0.0,0.0,0.0,1.0,0.0,1.0,0.0,0.0,0.7506628747959982,0.9257988021113064,0.7353142974235966,0.9438909409612112,0.7386793647003506,0.9480325172471956,0.7649402380498193,0.9292222524366651,0.7460391672244681,0.9317031191177317,0.9295124245877281,0.9993687317695157,1.0,0.0,1.0,0.0,0.0,0.0,0.0,1.0,5.0
6.0,0.0,1.0,1.0,0.0,1.0,0.0,1.0,0.0,0.0,1.0,1.0,1.0,1.0,0.0,0.0,1.0,0.0,0.0,0.0,1.0,1.0,0.0,0.0,1.0,1.0,1.0,0.0,0.0,0.0,0.0,0.0,1.0,0.0,1.0,0.0,0.0,0.7492964722979376,0.9300043347605835,0.7367466007209548,0.9158051012009034,0.7373434729332055,0.9147342869289188,0.7577904575999346,0.9182576280822892,0.7475166848724125,0.9270196719050702,0.8970688719853356,0.8907002470633355,1.0,0.0,1.0,0.0,0.0,0.0,0.0,1.0,5.0
6.0,0.0,1.0,1.0,0.0,1.0,0.0,1.0,0.0,0.0,1.0,1.0,1.0,1.0,0.0,0.0,1.0,0.0,0.0,0.0,1.0,1.0,0.0,0.0,1.0,1.0,1.0,0.0,0.0,0.0,0.0,0.0,1.0,0.0,1.0,0.0,0.0,0.7472814233965275,0.9247054232956361,0.7366196409788934,0.9151664895999282,0.7368339359394324,0.9147360135625477,0.7539567556841716,0.9182752242195374,0.7440348700020918,0.9205124784026509,0.8875464347171328,0.8723312783772783,1.0,0.0,1.0,0.0,0.0,0.0,0.0,1.0,5.0
6.0,0.0,1.0,1.0,0.0,1.0,0.0,1.0,0.0,0.0,1.0,1.0,1.0,1.0,0.0,0.0,1.0,0.0,0.0,0.0,1.0,1.0,0.0,0.0,1.0,1.0,1.0,0.0,0.0,0.0,0.0,0.0,1.0,0.0,1.0,0.0,0.0,0.7493062641242253,0.9299390091703007,0.7367465457998891,0.9158123449256537,0.7373438723488299,0.9147342953222998,0.7577790887588715,0.9182576280822892,0.7475127217099767,0.927071686007923,0.8915589378797447,0.9115625190535951,1.0,0.0,1.0,0.0,0.0,0.0,0.0,1.0,5.0
6.0,0.0,1.0,1.0,0.0,1.0,0.0,1.0,0.0,0.0,1.0,1.0,1.0,1.0,0.0,0.0,1.0,0.0,0.0,0.0,1.0,1.0,0.0,0.0,1.0,1.0,1.0,0.0,0.0,0.0,0.0,0.0,1.0,0.0,1.0,0.0,0.0,0.7488437052281902,0.9299841570019386,0.7367340607544653,0.9158051012009034,0.7373434729332055,0.9147341509917625,0.7577188298533419,0.9182576280822892,0.7438451442114005,0.9223749814520692,0.8925907981338372,0.9110486036544122,1.0,0.0,1.0,0.0,0.0,0.0,0.0,1.0,5.0
6.0,0.0,1.0,1.0,0.0,1.0,0.0,1.0,0.0,0.0,1.0,1.0,1.0,1.0,0.0,0.0,1.0,0.0,0.0,0.0,1.0,1.0,0.0,0.0,1.0,1.0,1.0,0.0,0.0,0.0,0.0,0.0,1.0,0.0,1.0,0.0,0.0,0.7703917901126335,0.9104713553569026,0.694027619434057,0.9117920252779845,0.6974146993045793,0.9511131086070115,0.8238914794851713,0.9223909086684091,0.7424696414932174,0.9263861827464701,0.8968478681934474,0.9716645818404541,1.0,0.0,1.0,0.0,0.0,0.0,0.0,1.0,5.0
6.0,0.0,1.0,1.0,0.0,1.0,0.0,1.0,0.0,0.0,1.0,1.0,1.0,1.0,0.0,0.0,1.0,0.0,0.0,0.0,1.0,1.0,0.0,0.0,1.0,1.0,1.0,0.0,0.0,0.0,0.0,0.0,1.0,0.0,1.0,0.0,0.0,0.7492964951964572,0.929979468877262,0.7367466007209548,0.9158051012009034,0.7373434729332055,0.9147342869289188,0.7577906524078998,0.9182542116595191,0.7475221830146827,0.9274749650912838,0.8921947989880986,0.8967692300860723,1.0,0.0,1.0,0.0,0.0,0.0,0.0,1.0,5.0
6.0,0.0,1.0,1.0,0.0,1.0,0.0,1.0,0.0,0.0,1.0,1.0,1.0,1.0,0.0,0.0,1.0,0.0,0.0,0.0,1.0,1.0,0.0,0.0,1.0,1.0,1.0,0.0,0.0,0.0,0.0,0.0,1.0,0.0,1.0,0.0,0.0,0.7509752426125754,0.9244586597724815,0.7353979371315941,0.9438825060395888,0.7376555510043362,0.946854251243843,0.7651039291177507,0.9288493880210853,0.7466409539618204,0.9277555586558378,0.9296306681098554,0.956932103837842,1.0,0.0,1.0,0.0,0.0,0.0,0.0,1.0,5.0
6.0,0.0,1.0,1.0,0.0,1.0,0.0,1.0,0.0,0.0,1.0,1.0,1.0,1.0,0.0,0.0,1.0,0.0,0.0,0.0,1.0,1.0,0.0,0.0,1.0,1.0,1.0,0.0,0.0,0.0,0.0,0.0,1.0,0.0,1.0,0.0,0.0,0.7490639441223963,0.9248519152102829,0.7366596875721418,0.9151648531932484,0.7368362120020971,0.91472507675467,0.7537375869350452,0.9183795252889905,0.7439248518275233,0.9187515441176389,0.8567323604167318,0.8550090107004449,1.0,0.0,1.0,0.0,0.0,0.0,0.0,1.0,5.0
6.0,0.0,1.0,1.0,0.0,1.0,0.0,1.0,0.0,0.0,1.0,1.0,1.0,1.0,0.0,0.0,1.0,0.0,0.0,0.0,1.0,1.0,0.0,0.0,1.0,1.0,1.0,0.0,0.0,0.0,0.0,0.0,1.0,0.0,1.0,0.0,0.0,0.7464871892100101,0.9233266197558405,0.736601375205611,0.9152358225496893,0.7367439605781384,0.9147381535987693,0.7492730770655928,0.9219853017986428,0.7438304438087171,0.9205353066954942,0.8517283915632736,0.9192766845594621,1.0,0.0,1.0,0.0,0.0,0.0,0.0,1.0,5.0
6.0,0.0,1.0,1.0,0.0,1.0,0.0,1.0,0.0,0.0,1.0,1.0,1.0,1.0,0.0,0.0,1.0,0.0,0.0,0.0,1.0,1.0,0.0,0.0,1.0,1.0,1.0,0.0,0.0,0.0,0.0,0.0,1.0,0.0,1.0,0.0,0.0,0.7492964952275565,0.9300407949926321,0.7367601895032252,0.9158031466888988,0.7373458410172052,0.9147377105708144,0.757977642898607,0.9182391288731302,0.7475797683947798,0.927118242606021,0.9017300924492619,0.90415073695939,1.0,0.0,1.0,0.0,0.0,0.0,0.0,1.0,5.0
6.0,0.0,1.0,1.0,0.0,1.0,0.0,1.0,0.0,0.0,1.0,1.0,1.0,1.0,0.0,0.0,1.0,0.0,0.0,0.0,1.0,1.0,0.0,0.0,1.0,1.0,1.0,0.0,0.0,0.0,0.0,0.0,1.0,0.0,1.0,0.0,0.0,0.7490815626978344,0.924468527992275,0.7366678727461135,0.9151697751668391,0.736796430105441,0.9147361705867012,0.7537379113230146,0.9195495864796188,0.7442412300122336,0.9186147024880873,0.8574023383738641,0.854500125689646,1.0,0.0,1.0,0.0,0.0,0.0,0.0,1.0,5.0
6.0,0.0,1.0,1.0,0.0,1.0,0.0,1.0,0.0,0.0,1.0,1.0,1.0,1.0,0.0,0.0,1.0,0.0,0.0,0.0,1.0,1.0,0.0,0.0,1.0,1.0,1.0,0.0,0.0,0.0,0.0,0.0,1.0,0.0,1.0,0.0,0.0,0.7464830808304681,0.9247340002486821,0.7366673160692694,0.915167951258364,0.7367697328461266,0.9147414179254032,0.7492792086687715,0.921700412927377,0.7442459932258214,0.9239984973617769,0.8429602743764153,0.9064845517414534,1.0,0.0,1.0,0.0,0.0,0.0,0.0,1.0,5.0
6.0,0.0,1.0,1.0,0.0,1.0,0.0,1.0,0.0,0.0,1.0,1.0,1.0,1.0,0.0,0.0,1.0,0.0,0.0,0.0,1.0,1.0,0.0,0.0,1.0,1.0,1.0,0.0,0.0,0.0,0.0,0.0,1.0,0.0,1.0,0.0,0.0,0.7492959819045015,0.9299779520104557,0.7367466045761435,0.9158051012009034,0.7373434738211617,0.9147342939064156,0.7577889796533498,0.9182154974862868,0.7471525418296402,0.9271316063862234,0.8927346684852324,0.8913928279381558,1.0,0.0,1.0,0.0,0.0,0.0,0.0,1.0,5.0
6.0,0.0,1.0,1.0,0.0,1.0,0.0,1.0,0.0,0.0,1.0,1.0,1.0,1.0,0.0,0.0,1.0,0.0,0.0,0.0,1.0,1.0,0.0,0.0,1.0,1.0,1.0,0.0,0.0,0.0,0.0,0.0,1.0,0.0,1.0,0.0,0.0,0.749379068320518,0.9274892926810286,0.7367035685641221,0.9153781781095369,0.7377319277629021,0.9131930605798333,0.7580001945058595,0.9192733723764054,0.7477355795978124,0.9271882647433451,0.9200422142630151,0.8992297294242064,1.0,0.0,1.0,0.0,0.0,0.0,0.0,1.0,5.0
6.0,0.0,1.0,1.0,0.0,1.0,0.0,1.0,0.0,0.0,1.0,1.0,1.0,1.0,0.0,0.0,1.0,0.0,0.0,0.0,1.0,1.0,0.0,0.0,1.0,1.0,1.0,0.0,0.0,0.0,0.0,0.0,1.0,0.0,1.0,0.0,0.0,0.7492964951964572,0.9299796518181446,0.7367454540193435,0.9158051012009034,0.7373434729332055,0.9147342869289188,0.7577822967922165,0.9182576280822892,0.7476319179519939,0.9271268673169726,0.8914638734803754,0.8897871591736011,1.0,0.0,1.0,0.0,0.0,0.0,0.0,1.0,5.0
6.0,0.0,1.0,1.0,0.0,1.0,0.0,1.0,0.0,0.0,1.0,1.0,1.0,1.0,0.0,0.0,1.0,0.0,0.0,0.0,1.0,1.0,0.0,0.0,1.0,1.0,1.0,0.0,0.0,0.0,0.0,0.0,1.0,0.0,1.0,0.0,0.0,0.7462793267136689,0.9228294092241233,0.7366121764650663,0.9151718494023505,0.7367443443750767,0.9147370813672906,0.7490052490721583,0.9180185692864026,0.7460379889850117,0.9213196979606377,0.8353214710565329,0.8906627584640596,1.0,0.0,1.0,0.0,0.0,0.0,0.0,1.0,5.0
6.0,0.0,1.0,1.0,0.0,1.0,0.0,1.0,0.0,0.0,1.0,1.0,1.0,1.0,0.0,0.0,1.0,0.0,0.0,0.0,1.0,1.0,0.0,0.0,1.0,1.0,1.0,0.0,0.0,0.0,0.0,0.0,1.0,0.0,1.0,0.0,0.0,0.7506984791333589,0.9298000439792166,0.7367021957001321,0.9152610796793056,0.7379965145499133,0.9133790754249815,0.7609522180383331,0.9280305316564619,0.7474491777503414,0.9271036277963388,0.9063110683492563,0.9142431363351969,1.0,0.0,1.0,0.0,0.0,0.0,0.0,1.0,5.0
6.0,0.0,1.0,1.0,0.0,1.0,0.0,1.0,0.0,0.0,1.0,1.0,1.0,1.0,0.0,0.0,1.0,0.0,0.0,0.0,1.0,1.0,0.0,0.0,1.0,1.0,1.0,0.0,0.0,0.0,0.0,0.0,1.0,0.0,1.0,0.0,0.0,0.7600609176173658,0.9244236915264318,0.736710505485464,0.9445870500207262,0.7379636212116355,0.9497158683985027,0.77955170808569,0.9368058046481126,0.7475978961683066,0.9345865348040137,0.9392568328334585,0.9999962691390657,1.0,0.0,1.0,0.0,0.0,0.0,0.0,1.0,5.0
6.0,0.0,1.0,1.0,0.0,1.0,0.0,1.0,0.0,0.0,1.0,1.0,1.0,1.0,0.0,0.0,1.0,0.0,0.0,0.0,1.0,1.0,0.0,0.0,1.0,1.0,1.0,0.0,0.0,0.0,0.0,0.0,1.0,0.0,1.0,0.0,0.0,0.7506364165110446,0.9232743121527507,0.7366667333711404,0.9151745567023836,0.7367703058907882,0.9147354465707949,0.7542138687365282,0.9175742603599297,0.7460960307110832,0.9221925563160496,0.8770850577773699,0.9061760802105678,1.0,0.0,1.0,0.0,0.0,0.0,0.0,1.0,5.0
6.0,0.0,1.0,1.0,0.0,1.0,0.0,1.0,0.0,0.0,1.0,1.0,1.0,1.0,0.0,0.0,1.0,0.0,0.0,0.0,1.0,1.0,0.0,0.0,1.0,1.0,1.0,0.0,0.0,0.0,0.0,0.0,1.0,0.0,1.0,0.0,0.0,0.7490615947264869,0.9247576312525345,0.7366421981897823,0.9151682828267014,0.7368303984663584,0.9147244120845099,0.7537580804662258,0.9183795252889905,0.7439730727032517,0.9186608779034955,0.8765267515148228,0.9072212392037758,1.0,0.0,1.0,0.0,0.0,0.0,0.0,1.0,5.0
6.0,0.0,1.0,1.0,0.0,1.0,0.0,1.0,0.0,0.0,1.0,1.0,1.0,1.0,0.0,0.0,1.0,0.0,0.0,0.0,1.0,1.0,0.0,0.0,1.0,1.0,1.0,0.0,0.0,0.0,0.0,0.0,1.0,0.0,1.0,0.0,0.0,0.7492964977661273,0.9300043347605835,0.7367466007209548,0.9158051012009034,0.7373434729332055,0.9147342869289188,0.7577906524078998,0.9182576813935918,0.7475166848724125,0.9271303293714982,0.8922216483320958,0.8997980506498291,1.0,0.0,1.0,0.0,0.0,0.0,0.0,1.0,5.0
6.0,0.0,1.0,1.0,0.0,1.0,0.0,1.0,0.0,0.0,1.0,1.0,1.0,1.0,0.0,0.0,1.0,0.0,0.0,0.0,1.0,1.0,0.0,0.0,1.0,1.0,1.0,0.0,0.0,0.0,0.0,0.0,1.0,0.0,1.0,0.0,0.0,0.7492959819045015,0.9299779520104557,0.7367466045761435,0.9158051012009034,0.7373434738211617,0.9147342939064156,0.7577889900569196,0.9182063850430289,0.7471525418296402,0.927126903433795,0.8922399564565731,0.8913928279381558,1.0,0.0,1.0,0.0,0.0,0.0,0.0,1.0,5.0
6.0,0.0,1.0,1.0,0.0,1.0,0.0,1.0,0.0,0.0,1.0,1.0,1.0,1.0,0.0,0.0,1.0,0.0,0.0,0.0,1.0,1.0,0.0,0.0,1.0,1.0,1.0,0.0,0.0,0.0,0.0,0.0,1.0,0.0,1.0,0.0,0.0,0.750697715151457,0.930086945986232,0.7366895560783601,0.9152467421339062,0.738037866174413,0.9133777337616815,0.7609571857611778,0.9284335604863868,0.7472373003952546,0.9274982091244702,0.9051495596201792,0.90734422628825,1.0,0.0,1.0,0.0,0.0,0.0,0.0,1.0,5.0
6.0,0.0,1.0,1.0,0.0,1.0,0.0,1.0,0.0,0.0,1.0,1.0,1.0,1.0,0.0,0.0,1.0,0.0,0.0,0.0,1.0,1.0,0.0,0.0,1.0,1.0,1.0,0.0,0.0,0.0,0.0,0.0,1.0,0.0,1.0,0.0,0.0,0.767998035476615,0.929981907089351,0.7367111028316495,0.9469476405420871,0.7376542626375184,0.9564281786652152,0.7828701782833054,0.940830460896042,0.7504166171643418,0.9408331423749613,0.9524595016187635,0.9631772923185458,1.0,0.0,1.0,0.0,0.0,0.0,0.0,1.0,5.0
6.0,0.0,1.0,1.0,0.0,1.0,0.0,1.0,0.0,0.0,1.0,1.0,1.0,1.0,0.0,0.0,1.0,0.0,0.0,0.0,1.0,1.0,0.0,0.0,1.0,1.0,1.0,0.0,0.0,0.0,0.0,0.0,1.0,0.0,1.0,0.0,0.0,0.7493917891500792,0.924343528490097,0.736691715039472,0.9150838352890864,0.7367779288569707,0.9147321766928791,0.7542773555321729,0.9182359716878902,0.7474750332907207,0.9215216487631099,0.8789874867153187,0.8788947970606602,1.0,0.0,1.0,0.0,0.0,0.0,0.0,1.0,5.0
6.0,0.0,1.0,1.0,0.0,1.0,0.0,1.0,0.0,0.0,1.0,1.0,1.0,1.0,0.0,0.0,1.0,0.0,0.0,0.0,1.0,1.0,0.0,0.0,1.0,1.0,1.0,0.0,0.0,0.0,0.0,0.0,1.0,0.0,1.0,0.0,0.0,0.7490615947264869,0.9247324911192236,0.7366421981897823,0.9151682828267014,0.7367691553830101,0.9147244120845099,0.7539108242900551,0.9183795252889905,0.7442495985038309,0.9191228877457942,0.8761727975188298,0.9072212392037758,1.0,0.0,1.0,0.0,0.0,0.0,0.0,1.0,5.0
6.0,0.0,1.0,1.0,0.0,1.0,0.0,1.0,0.0,0.0,1.0,1.0,1.0,1.0,0.0,0.0,1.0,0.0,0.0,0.0,1.0,1.0,0.0,0.0,1.0,1.0,1.0,0.0,0.0,0.0,0.0,0.0,1.0,0.0,1.0,0.0,0.0,0.7464830808304681,0.924759140381993,0.7366673160692694,0.915167951258364,0.736830975929475,0.9147414179254032,0.7491264648449422,0.921700412927377,0.7439694674252424,0.9235364875194783,0.8433142283724082,0.9064845517414534,1.0,0.0,1.0,0.0,0.0,0.0,0.0,1.0,5.0
6.0,0.0,1.0,1.0,0.0,1.0,0.0,1.0,0.0,0.0,1.0,1.0,1.0,1.0,0.0,0.0,1.0,0.0,0.0,0.0,1.0,1.0,0.0,0.0,1.0,1.0,1.0,0.0,0.0,0.0,0.0,0.0,1.0,0.0,1.0,0.0,0.0,0.7493058622282702,0.9300140875189212,0.7367466007209548,0.9158051012009034,0.7373434729332055,0.9147342869289188,0.7577559396626824,0.9182576280822892,0.7475318935250946,0.9281082269168459,0.8921930830498508,0.8903904130950624,1.0,0.0,1.0,0.0,0.0,0.0,0.0,1.0,5.0
6.0,0.0,1.0,1.0,0.0,1.0,0.0,1.0,0.0,0.0,1.0,1.0,1.0,1.0,0.0,0.0,1.0,0.0,0.0,0.0,1.0,1.0,0.0,0.0,1.0,1.0,1.0,0.0,0.0,0.0,0.0,0.0,1.0,0.0,1.0,0.0,0.0,0.7492964951964572,0.9299804911616292,0.7367466007209548,0.9158051012009034,0.7373434729332055,0.9147342869289188,0.7577906524078998,0.9182576280822892,0.7475166848724125,0.9280541567814392,0.8921930830498508,0.8903904130950624,1.0,0.0,1.0,0.0,0.0,0.0,0.0,1.0,5.0
6.0,0.0,1.0,1.0,0.0,1.0,0.0,1.0,0.0,0.0,1.0,1.0,1.0,1.0,0.0,0.0,1.0,0.0,0.0,0.0,1.0,1.0,0.0,0.0,1.0,1.0,1.0,0.0,0.0,0.0,0.0,0.0,1.0,0.0,1.0,0.0,0.0,0.7492965046564561,0.9299796786460296,0.7367465553581756,0.9158051012009034,0.7373434729332055,0.9147342869289188,0.7577906524078998,0.9182363607773791,0.7476181432444649,0.9271302334209315,0.8913436009642918,0.8764673276356312,1.0,0.0,1.0,0.0,0.0,0.0,0.0,1.0,5.0
6.0,0.0,1.0,1.0,0.0,1.0,0.0,1.0,0.0,0.0,1.0,1.0,1.0,1.0,0.0,0.0,1.0,0.0,0.0,0.0,1.0,1.0,0.0,0.0,1.0,1.0,1.0,0.0,0.0,0.0,0.0,0.0,1.0,0.0,1.0,0.0,0.0,0.7492964952276032,0.9299995910030215,0.7367464195680622,0.9158055032620995,0.7373434729332055,0.9147342986122334,0.7577909249483039,0.9182761295322494,0.7472704429577971,0.9273527039068663,0.902800957198991,0.8909578822296742,1.0,0.0,1.0,0.0,0.0,0.0,0.0,1.0,5.0
6.0,0.0,1.0,1.0,0.0,1.0,0.0,1.0,0.0,0.0,1.0,1.0,1.0,1.0,0.0,0.0,1.0,0.0,0.0,0.0,1.0,1.0,0.0,0.0,1.0,1.0,1.0,0.0,0.0,0.0,0.0,0.0,1.0,0.0,1.0,0.0,0.0,0.7476192984559448,0.9246682792713459,0.7367418008167148,0.9152725588269227,0.736829838705378,0.9150248957543853,0.7503307100131996,0.9259503156496213,0.743926673811108,0.9219076584131195,0.8585163389237332,0.8974659155563005,1.0,0.0,1.0,0.0,0.0,0.0,0.0,1.0,5.0
6.0,0.0,1.0,1.0,0.0,1.0,0.0,1.0,0.0,0.0,1.0,1.0,1.0,1.0,0.0,0.0,1.0,0.0,0.0,0.0,1.0,1.0,0.0,0.0,1.0,1.0,1.0,0.0,0.0,0.0,0.0,0.0,1.0,0.0,1.0,0.0,0.0,0.7471734603419335,0.9254963054961215,0.736743824702719,0.9151593646926773,0.7368612218588128,0.9147342874240187,0.7536393118302182,0.9179775208246106,0.7461083073345609,0.9206419527041196,0.8877039379978721,0.8902254934719943,1.0,0.0,1.0,0.0,0.0,0.0,0.0,1.0,5.0
6.0,0.0,1.0,1.0,0.0,1.0,0.0,1.0,0.0,0.0,1.0,1.0,1.0,1.0,0.0,0.0,1.0,0.0,0.0,0.0,1.0,1.0,0.0,0.0,1.0,1.0,1.0,0.0,0.0,0.0,0.0,0.0,1.0,0.0,1.0,0.0,0.0,0.7493099801508976,0.9255005103728878,0.7367015119491074,0.9152442486734884,0.7377227043102809,0.9131742286465155,0.7580202442337295,0.91824216405907,0.7442543788788188,0.922260430304392,0.9196399087222283,0.8868205924897911,1.0,0.0,1.0,0.0,0.0,0.0,0.0,1.0,5.0
6.0,0.0,1.0,1.0,0.0,1.0,0.0,1.0,0.0,0.0,1.0,1.0,1.0,1.0,0.0,0.0,1.0,0.0,0.0,0.0,1.0,1.0,0.0,0.0,1.0,1.0,1.0,0.0,0.0,0.0,0.0,0.0,1.0,0.0,1.0,0.0,0.0,0.7492964722979376,0.9300043347605835,0.7367466007209548,0.915733454472002,0.7373434729332055,0.9147342869289188,0.7580745315864641,0.9195663972521534,0.7475166848724125,0.9270196719050702,0.8970688719853356,0.8907002470633355,1.0,0.0,1.0,0.0,0.0,0.0,0.0,1.0,5.0
6.0,0.0,1.0,1.0,0.0,1.0,0.0,1.0,0.0,0.0,1.0,1.0,1.0,1.0,0.0,0.0,1.0,0.0,0.0,0.0,1.0,1.0,0.0,0.0,1.0,1.0,1.0,0.0,0.0,0.0,0.0,0.0,1.0,0.0,1.0,0.0,0.0,0.7492964722979376,0.9300043347605835,0.7367466007209548,0.9158051012009034,0.7373434729332055,0.9147342869289188,0.7577904575999346,0.9182074067353548,0.7475166848724125,0.9270196719050702,0.8970688719853356,0.8766681306239951,1.0,0.0,1.0,0.0,0.0,0.0,0.0,1.0,5.0
6.0,0.0,1.0,1.0,0.0,1.0,0.0,1.0,0.0,0.0,1.0,1.0,1.0,1.0,0.0,0.0,1.0,0.0,0.0,0.0,1.0,1.0,0.0,0.0,1.0,1.0,1.0,0.0,0.0,0.0,0.0,0.0,1.0,0.0,1.0,0.0,0.0,0.7490802454747,0.9237775675027703,0.7366062801654173,0.915189596491388,0.736698019072646,0.9147343083740863,0.7540422983062266,0.9181918234521986,0.743967440664955,0.9215073808227009,0.8762959128468529,0.8762875287082394,1.0,0.0,1.0,0.0,0.0,0.0,0.0,1.0,5.0
6.0,0.0,1.0,1.0,0.0,1.0,0.0,1.0,0.0,0.0,1.0,1.0,1.0,1.0,0.0,0.0,1.0,0.0,0.0,0.0,1.0,1.0,0.0,0.0,1.0,1.0,1.0,0.0,0.0,0.0,0.0,0.0,1.0,0.0,1.0,0.0,0.0,0.7492933333562988,0.9300043347605835,0.736760587781317,0.9157965793281947,0.7373434729332055,0.9147342798524021,0.7577796826634883,0.9182536380642667,0.7475166849536945,0.9273386314763195,0.9009163718727089,0.9028115222453917,1.0,0.0,1.0,0.0,0.0,0.0,0.0,1.0,5.0
6.0,0.0,1.0,1.0,0.0,1.0,0.0,1.0,0.0,0.0,1.0,1.0,1.0,1.0,0.0,0.0,1.0,0.0,0.0,0.0,1.0,1.0,0.0,0.0,1.0,1.0,1.0,0.0,0.0,0.0,0.0,0.0,1.0,0.0,1.0,0.0,0.0,0.7490775326714649,0.9248028672111863,0.7366576205459823,0.9151707452098736,0.7368321986361448,0.9147250689107064,0.7536130069563369,0.9183795252889905,0.7440466559753586,0.9187102366273369,0.8556035851703707,0.8539069394939688,1.0,0.0,1.0,0.0,0.0,0.0,0.0,1.0,5.0
6.0,0.0,1.0,1.0,0.0,1.0,0.0,1.0,0.0,0.0,1.0,1.0,1.0,1.0,0.0,0.0,1.0,0.0,0.0,0.0,1.0,1.0,0.0,0.0,1.0,1.0,1.0,0.0,0.0,0.0,0.0,0.0,1.0,0.0,1.0,0.0,0.0,0.7460581190442258,0.92318115881488,0.7366081500137496,0.9151006797896746,0.7367006117057481,0.9147360206318256,0.7489933836558458,0.9187591632909012,0.7445384305921527,0.921335438691587,0.8574090806090139,0.8612599591952935,1.0,0.0,1.0,0.0,0.0,0.0,0.0,1.0,5.0
6.0,0.0,1.0,1.0,0.0,1.0,0.0,1.0,0.0,0.0,1.0,1.0,1.0,1.0,0.0,0.0,1.0,0.0,0.0,0.0,1.0,1.0,0.0,0.0,1.0,1.0,1.0,0.0,0.0,0.0,0.0,0.0,1.0,0.0,1.0,0.0,0.0,0.7480796217432797,0.9296046367872691,0.7367167576368295,0.9152566575939757,0.7377823040796562,0.9134294310201054,0.7610016762640206,0.9181452774093757,0.7474508618276313,0.9298398641708766,0.9283343375047056,0.9146003516548917,1.0,0.0,1.0,0.0,0.0,0.0,0.0,1.0,5.0
6.0,0.0,1.0,1.0,0.0,1.0,0.0,1.0,0.0,0.0,1.0,1.0,1.0,1.0,0.0,0.0,1.0,0.0,0.0,0.0,1.0,1.0,0.0,0.0,1.0,1.0,1.0,0.0,0.0,0.0,0.0,0.0,1.0,0.0,1.0,0.0,0.0,0.7490590191958852,0.9261109181193947,0.73745556429272,0.9152378784977897,0.7373414096594892,0.9149570464429421,0.7543601729918896,0.9195606985695655,0.7420325166290237,0.9215529392588718,0.8676166932516941,0.9215076517661028,1.0,0.0,1.0,0.0,0.0,0.0,0.0,1.0,5.0
6.0,0.0,1.0,1.0,0.0,1.0,0.0,1.0,0.0,0.0,1.0,1.0,1.0,1.0,0.0,0.0,1.0,0.0,0.0,0.0,1.0,1.0,0.0,0.0,1.0,1.0,1.0,0.0,0.0,0.0,0.0,0.0,1.0,0.0,1.0,0.0,0.0,0.7492964952275061,0.9300399501448097,0.7367467463588268,0.9158054657839343,0.7373458233744837,0.9147342923904018,0.7577895912616534,0.9182395647951066,0.7475260337554123,0.9271339579606253,0.8915589378797447,0.8905678006782286,1.0,0.0,1.0,0.0,0.0,0.0,0.0,1.0,5.0
6.0,0.0,1.0,1.0,0.0,1.0,0.0,1.0,0.0,0.0,1.0,1.0,1.0,1.0,0.0,0.0,1.0,0.0,0.0,0.0,1.0,1.0,0.0,0.0,1.0,1.0,1.0,0.0,0.0,0.0,0.0,0.0,1.0,0.0,1.0,0.0,0.0,0.7472309925217523,0.9254963054961215,0.736743824702719,0.9151593646926773,0.7368612218588128,0.9147342986521294,0.7536393118302182,0.9133338186528756,0.746000782295899,0.9206670805426557,0.8877039379978721,0.8897250536886185,1.0,0.0,1.0,0.0,0.0,0.0,0.0,1.0,5.0
6.0,0.0,1.0,1.0,0.0,1.0,0.0,1.0,0.0,0.0,1.0,1.0,1.0,1.0,0.0,0.0,1.0,0.0,0.0,0.0,1.0,1.0,0.0,0.0,1.0,1.0,1.0,0.0,0.0,0.0,0.0,0.0,1.0,0.0,1.0,0.0,0.0,0.7493610313175993,0.9276108913027177,0.7367019820558652,0.9151568978678127,0.7377430558367019,0.9131930605798333,0.7582973202325441,0.9189394161355112,0.7474434198387842,0.9271881235135236,0.9203157821977925,0.8992297294242064,1.0,0.0,1.0,0.0,0.0,0.0,0.0,1.0,5.0
6.0,0.0,1.0,1.0,0.0,1.0,0.0,1.0,0.0,0.0,1.0,1.0,1.0,1.0,0.0,0.0,1.0,0.0,0.0,0.0,1.0,1.0,0.0,0.0,1.0,1.0,1.0,0.0,0.0,0.0,0.0,0.0,1.0,0.0,1.0,0.0,0.0,0.7493993248845657,0.9300205335245031,0.736746684615067,0.9158335125425652,0.7373434729332055,0.9147342953368464,0.7577903766121674,0.9182574682714892,0.7475409668860027,0.9271269501963975,0.8911175291445572,0.8789984943734056,1.0,0.0,1.0,0.0,0.0,0.0,0.0,1.0,5.0
6.0,0.0,1.0,1.0,0.0,1.0,0.0,1.0,0.0,0.0,1.0,1.0,1.0,1.0,0.0,0.0,1.0,0.0,0.0,0.0,1.0,1.0,0.0,0.0,1.0,1.0,1.0,0.0,0.0,0.0,0.0,0.0,1.0,0.0,1.0,0.0,0.0,0.7492957850502462,0.9299568588226129,0.7367645559721107,0.9157964175888346,0.7373434729332055,0.914734526754002,0.7575766404808998,0.9182387231397225,0.7475796643808907,0.9273712077899003,0.8932658858874587,0.9033302602990003,1.0,0.0,1.0,0.0,0.0,0.0,0.0,1.0,5.0
6.0,0.0,1.0,1.0,0.0,1.0,0.0,1.0,0.0,0.0,1.0,1.0,1.0,1.0,0.0,0.0,1.0,0.0,0.0,0.0,1.0,1.0,0.0,0.0,1.0,1.0,1.0,0.0,0.0,0.0,0.0,0.0,1.0,0.0,1.0,0.0,0.0,0.7604594704726539,0.9244236915264318,0.7366992972574009,0.9431897057889136,0.7379636212116355,0.9489504262051605,0.7784317982821755,0.9371126876415221,0.7439745104310134,0.9352376219338755,0.9476428531088315,0.9999663245747645,1.0,0.0,1.0,0.0,0.0,0.0,0.0,1.0,5.0
6.0,0.0,1.0,1.0,0.0,1.0,0.0,1.0,0.0,0.0,1.0,1.0,1.0,1.0,0.0,0.0,1.0,0.0,0.0,0.0,1.0,1.0,0.0,0.0,1.0,1.0,1.0,0.0,0.0,0.0,0.0,0.0,1.0,0.0,1.0,0.0,0.0,0.7490781847809558,0.923138280145313,0.7366064004688118,0.915189596491388,0.7366984359899243,0.9147342443617644,0.7540422983062266,0.9181894477040108,0.7439553039657738,0.921511934433298,0.8763186367769481,0.8766510936778292,1.0,0.0,1.0,0.0,0.0,0.0,0.0,1.0,5.0
6.0,0.0,1.0,1.0,0.0,1.0,0.0,1.0,0.0,0.0,1.0,1.0,1.0,1.0,0.0,0.0,1.0,0.0,0.0,0.0,1.0,1.0,0.0,0.0,1.0,1.0,1.0,0.0,0.0,0.0,0.0,0.0,1.0,0.0,1.0,0.0,0.0,0.7475803150535162,0.9273701467897165,0.7371799561984899,0.9151754438550681,0.7373446433250614,0.9147607567535082,0.7556636453237618,0.9184165906464451,0.7469820985862747,0.9270420241261083,0.8885236270958261,0.8766239673175488,1.0,0.0,1.0,0.0,0.0,0.0,0.0,1.0,5.0
6.0,0.0,1.0,1.0,0.0,1.0,0.0,1.0,0.0,0.0,1.0,1.0,1.0,1.0,0.0,0.0,1.0,0.0,0.0,0.0,1.0,1.0,0.0,0.0,1.0,1.0,1.0,0.0,0.0,0.0,0.0,0.0,1.0,0.0,1.0,0.0,0.0,0.7492964950001002,0.9299801518789205,0.7367466007209548,0.9158051012009034,0.7373434729332055,0.9147342869289188,0.7577906524078998,0.9182576280822892,0.7477082019490179,0.9272147350235489,0.8915824095917981,0.8746753916936646,1.0,0.0,1.0,0.0,0.0,0.0,0.0,1.0,5.0
6.0,0.0,1.0,1.0,0.0,1.0,0.0,1.0,0.0,0.0,1.0,1.0,1.0,1.0,0.0,0.0,1.0,0.0,0.0,0.0,1.0,1.0,0.0,0.0,1.0,1.0,1.0,0.0,0.0,0.0,0.0,0.0,1.0,0.0,1.0,0.0,0.0,0.7487384351955069,0.923138280145313,0.7366064004688118,0.915189596491388,0.7367770512102552,0.9147342443617644,0.7540422983062266,0.9181894477040108,0.7462942666612572,0.9213044946868941,0.8763186367769481,0.8766510936778292,1.0,0.0,1.0,0.0,0.0,0.0,0.0,1.0,5.0
6.0,0.0,1.0,1.0,0.0,1.0,0.0,1.0,0.0,0.0,1.0,1.0,1.0,1.0,0.0,0.0,1.0,0.0,0.0,0.0,1.0,1.0,0.0,0.0,1.0,1.0,1.0,0.0,0.0,0.0,0.0,0.0,1.0,0.0,1.0,0.0,0.0,0.7492964951964572,0.9300043347605835,0.7367464417699695,0.915804817285776,0.7373434729332055,0.9147342869289188,0.7577904571203365,0.9182110497650134,0.7474233227645117,0.9265906492416369,0.8912229206819632,0.8783345322330788,1.0,0.0,1.0,0.0,0.0,0.0,0.0,1.0,5.0
6.0,0.0,1.0,1.0,0.0,1.0,0.0,1.0,0.0,0.0,1.0,1.0,1.0,1.0,0.0,0.0,1.0,0.0,0.0,0.0,1.0,1.0,0.0,0.0,1.0,1.0,1.0,0.0,0.0,0.0,0.0,0.0,1.0,0.0,1.0,0.0,0.0,0.7507049497653221,0.930035627155059,0.7366337670944227,0.9152610796793056,0.7379965145499133,0.9133790754249815,0.7617397303905978,0.9280283321923116,0.7449641590245245,0.92713188555358,0.9077435529932961,0.9123335356932721,1.0,0.0,1.0,0.0,0.0,0.0,0.0,1.0,5.0
6.0,0.0,1.0,1.0,0.0,1.0,0.0,1.0,0.0,0.0,1.0,1.0,1.0,1.0,0.0,0.0,1.0,0.0,0.0,0.0,1.0,1.0,0.0,0.0,1.0,1.0,1.0,0.0,0.0,0.0,0.0,0.0,1.0,0.0,1.0,0.0,0.0,0.7490826314403133,0.9230815791526105,0.7366119925881657,0.915189838979428,0.7367440735929606,0.9147360783701428,0.7541061939239333,0.9182044300030268,0.7460793971807101,0.9225334650882364,0.8768993237837439,0.8650759241140684,1.0,0.0,1.0,0.0,0.0,0.0,0.0,1.0,5.0
6.0,0.0,1.0,1.0,0.0,1.0,0.0,1.0,0.0,0.0,1.0,1.0,1.0,1.0,0.0,0.0,1.0,0.0,0.0,0.0,1.0,1.0,0.0,0.0,1.0,1.0,1.0,0.0,0.0,0.0,0.0,0.0,1.0,0.0,1.0,0.0,0.0,0.7507586930132736,0.9301119647577419,0.7367043837909193,0.9152460849603631,0.7380302224839828,0.9134239355430217,0.7614558284166948,0.9285611697461308,0.7474023166327534,0.9271138026594807,0.904289105462368,0.9034014387943327,1.0,0.0,1.0,0.0,0.0,0.0,0.0,1.0,5.0
6.0,0.0,1.0,1.0,0.0,1.0,0.0,1.0,0.0,0.0,1.0,1.0,1.0,1.0,0.0,0.0,1.0,0.0,0.0,0.0,1.0,1.0,0.0,0.0,1.0,1.0,1.0,0.0,0.0,0.0,0.0,0.0,1.0,0.0,1.0,0.0,0.0,0.7493917891500792,0.9243391860153009,0.7366917623963851,0.91525383408378,0.7368764310777671,0.9147360803175748,0.7542773555321729,0.9182458133775976,0.7475685133598361,0.9217137447404251,0.8883833554617787,0.9065645881655846,1.0,0.0,1.0,0.0,0.0,0.0,0.0,1.0,5.0
6.0,0.0,1.0,1.0,0.0,1.0,0.0,1.0,0.0,0.0,1.0,1.0,1.0,1.0,0.0,0.0,1.0,0.0,0.0,0.0,1.0,1.0,0.0,0.0,1.0,1.0,1.0,0.0,0.0,0.0,0.0,0.0,1.0,0.0,1.0,0.0,0.0,0.7471734603419335,0.9243939672830458,0.736743824702719,0.9151593646926773,0.7368612218588128,0.9147342874240187,0.7536393118302182,0.9175793250106511,0.7461083073345609,0.9209968483288271,0.8896274646048146,0.8902254934719943,1.0,0.0,1.0,0.0,0.0,0.0,0.0,1.0,5.0
6.0,0.0,1.0,1.0,0.0,1.0,0.0,1.0,0.0,0.0,1.0,1.0,1.0,1.0,0.0,0.0,1.0,0.0,0.0,0.0,1.0,1.0,0.0,0.0,1.0,1.0,1.0,0.0,0.0,0.0,0.0,0.0,1.0,0.0,1.0,0.0,0.0,0.7506933138735445,0.9301019675304275,0.7367015507641604,0.9152737494687555,0.7379965145499133,0.9133790754249815,0.7615271111872035,0.92580804886394,0.7475255167450758,0.9269419560847909,0.9077435529932961,0.9142142989101858,1.0,0.0,1.0,0.0,0.0,0.0,0.0,1.0,5.0
6.0,0.0,1.0,1.0,0.0,1.0,0.0,1.0,0.0,0.0,1.0,1.0,1.0,1.0,0.0,0.0,1.0,0.0,0.0,0.0,1.0,1.0,0.0,0.0,1.0,1.0,1.0,0.0,0.0,0.0,0.0,0.0,1.0,0.0,1.0,0.0,0.0,0.748002934102533,0.9254594169679338,0.7366432082977009,0.915279617890906,0.7368823912573647,0.9147850108185734,0.7543610632370659,0.918337353257534,0.7476930938934356,0.9270105038260826,0.8818915494123702,0.8704989263607749,1.0,0.0,1.0,0.0,0.0,0.0,0.0,1.0,5.0
6.0,0.0,1.0,1.0,0.0,1.0,0.0,1.0,0.0,0.0,1.0,1.0,1.0,1.0,0.0,0.0,1.0,0.0,0.0,0.0,1.0,1.0,0.0,0.0,1.0,1.0,1.0,0.0,0.0,0.0,0.0,0.0,1.0,0.0,1.0,0.0,0.0,0.7492964718766768,0.9300043347605835,0.7367453867705042,0.9158051012009034,0.7373434729332055,0.9147342869289188,0.7577818346891311,0.9182576280822892,0.7475157093716113,0.927727283495944,0.8915916478333101,0.8907010198238811,1.0,0.0,1.0,0.0,0.0,0.0,0.0,1.0,5.0
6.0,0.0,1.0,1.0,0.0,1.0,0.0,1.0,0.0,0.0,1.0,1.0,1.0,1.0,0.0,0.0,1.0,0.0,0.0,0.0,1.0,1.0,0.0,0.0,1.0,1.0,1.0,0.0,0.0,0.0,0.0,0.0,1.0,0.0,1.0,0.0,0.0,0.7490723076757584,0.9242961514239828,0.7366816975438698,0.9152018933535401,0.7367915144302963,0.9147360783701428,0.7545038946160726,0.9182044300030268,0.7460793971807101,0.9225334650882364,0.8762150828938662,0.8670100038021693,1.0,0.0,1.0,0.0,0.0,0.0,0.0,1.0,5.0
6.0,0.0,1.0,1.0,0.0,1.0,0.0,1.0,0.0,0.0,1.0,1.0,1.0,1.0,0.0,0.0,1.0,0.0,0.0,0.0,1.0,1.0,0.0,0.0,1.0,1.0,1.0,0.0,0.0,0.0,0.0,0.0,1.0,0.0,1.0,0.0,0.0,0.7464840629117874,0.924759140381993,0.7366673160692694,0.9151672808860322,0.736832341682198,0.9149294315955013,0.7491264648449422,0.9217279095634073,0.7439694674252424,0.9235364875194783,0.87130559208666,0.9064845517414534,1.0,0.0,1.0,0.0,0.0,0.0,0.0,1.0,5.0
6.0,0.0,1.0,1.0,0.0,1.0,0.0,1.0,0.0,0.0,1.0,1.0,1.0,1.0,0.0,0.0,1.0,0.0,0.0,0.0,1.0,1.0,0.0,0.0,1.0,1.0,1.0,0.0,0.0,0.0,0.0,0.0,1.0,0.0,1.0,0.0,0.0,0.7481354473142068,0.9306885748345666,0.7366662791635853,0.9152130904351896,0.7378545485088839,0.9132934931926199,0.7616016725262325,0.9184154613972787,0.7465384350236745,0.9214560999604162,0.9276370334816892,0.9189942411165116,1.0,0.0,1.0,0.0,0.0,0.0,0.0,1.0,5.0
6.0,0.0,1.0,1.0,0.0,1.0,0.0,1.0,0.0,0.0,1.0,1.0,1.0,1.0,0.0,0.0,1.0,0.0,0.0,0.0,1.0,1.0,0.0,0.0,1.0,1.0,1.0,0.0,0.0,0.0,0.0,0.0,1.0,0.0,1.0,0.0,0.0,0.7692836451194862,0.9299679738443468,0.7352306204192132,0.9465402981898671,0.7376426092647542,0.9570547953593465,0.7827691020092524,0.9412352326639553,0.7477320147612767,0.9408511079291697,0.9520832060368625,0.9554654476909411,1.0,0.0,1.0,0.0,0.0,0.0,0.0,1.0,5.0
6.0,0.0,1.0,1.0,0.0,1.0,0.0,1.0,0.0,0.0,1.0,1.0,1.0,1.0,0.0,0.0,1.0,0.0,0.0,0.0,1.0,1.0,0.0,0.0,1.0,1.0,1.0,0.0,0.0,0.0,0.0,0.0,1.0,0.0,1.0,0.0,0.0,0.7493795591628646,0.9235261020743677,0.736612475296659,0.9151883605317255,0.7367440735929606,0.9147360783701428,0.7541061939239333,0.9182044300030268,0.7462161076737195,0.9225334650882364,0.8768993237837439,0.8708064180099101,1.0,0.0,1.0,0.0,0.0,0.0,0.0,1.0,5.0
